tarih,dolar_kuru,politika_faizi
2021-01-01,7.449671415301124,16.95914556844659
2021-01-02,7.398935284738315,17.049412931477455
2021-01-03,7.490292283520937,17.07977980299299
2021-01-04,7.590588130207104,16.96897395094905
2021-01-05,7.427631521949402,17.02766635329502
2021-01-06,7.440394878582251,17.043796122789796
2021-01-07,7.634491570683342,17.05170873327955
2021-01-08,7.566075476903327,17.156628278487418
2021-01-09,7.455146280249974,17.121913877508018
2021-01-10,7.5691114380575,17.134830090436964
2021-01-11,7.481275379273091,17.064313362337987
2021-01-12,7.493805888052745,17.21272803012462
2021-01-13,7.577336805421808,17.135444856927318
2021-01-14,7.374574268654858,17.216855056239137
2021-01-15,7.406172224724769,17.244177919679565
2021-01-16,7.535196969907409,17.31479265062942
2021-01-17,7.502904325653497,17.197769348937364
2021-01-18,7.648373885801901,17.128685409158113
2021-01-19,7.538908459845686,17.305304142242672
2021-01-20,7.5012422121197115,17.40258787213636
2021-01-21,7.80179917400083,17.39096027876362
2021-01-22,7.645418381915455,17.355946579936216
2021-01-23,7.687510547288334,17.33733244794671
2021-01-24,7.55104462305363,17.418721035116015
2021-01-25,7.65184288407789,17.34613824335476
2021-01-26,7.730135130356829,17.435084089863622
2021-01-27,7.616705228499046,17.452990357409977
2021-01-28,7.782136102931277,17.497177992882424
2021-01-29,7.697264146960263,17.598601147508862
2021-01-30,7.7409203558282496,17.496689591978082
2021-01-31,7.7226807844400716,17.468071260389603
2021-02-01,7.980840978969339,17.508691374121206
2021-02-02,7.807025152900086,17.437966942542186
2021-02-03,7.715365497333723,17.50813572928802
2021-02-04,7.916152796295066,17.53885791199265
2021-02-05,7.724575654943078,17.54956826205741
2021-02-06,7.8803080942960895,17.599841073611657
2021-02-07,7.67621643726307,17.567552981446692
2021-02-08,7.752126559616638,17.68117615948786
2021-02-09,7.917393002948827,17.641585627423375
2021-02-10,7.984315252216889,17.657560906176368
2021-02-11,7.940367137191779,17.658081834463488
2021-02-12,7.9244271956893915,17.698686752537913
2021-02-13,7.9186433692247205,17.74863277963418
2021-02-14,7.81366325460234,17.680472003671085
2021-02-15,7.902292747655046,17.707373338058698
2021-02-16,7.9409750062539715,17.74154350912946
2021-02-17,8.105512820827276,17.705886912450467
2021-02-18,8.046924142017664,17.748668213693882
2021-02-19,7.849020012379978,17.78227071105856
2021-02-20,8.070494139711164,17.866251861827262
2021-02-21,8.012339229585487,17.852111117297554
2021-02-22,7.9959169724519565,17.865113194471668
2021-02-23,8.137538516222074,17.914429245067524
2021-02-24,8.192232554443015,17.881466405594985
2021-02-25,8.195022328960475,17.924308885567232
2021-02-26,8.030734279582024,17.91607520348
2021-02-27,8.096496509174601,17.950955056652433
2021-02-28,8.173305804755511,17.924999654357705
2021-03-01,8.250495689182825,17.848647377380296
2021-03-02,8.117785467541493,17.980324925240634
2021-03-03,8.159898708515076,18.07462693821078
2021-03-04,8.080592823636287,18.066250949573693
2021-03-05,8.084367373484255,18.084660701747005
2021-03-06,8.298002332987178,18.114648011663594
2021-03-07,8.365135468460272,18.073725003177184
2021-03-08,8.235072168300592,18.095608557055225
2021-03-09,8.35538818510326,18.07131082496906
2021-03-10,8.303960212674255,18.102840424995257
2021-03-11,8.216046349564413,18.165883273341
2021-03-12,8.329459600431202,18.21173958576672
2021-03-13,8.45988541138239,18.161023698180056
2021-03-14,8.315260865680232,18.16193719677737
2021-03-15,8.488069550028062,18.200923706018603
2021-03-16,8.08239238889312,18.24740829357806
2021-03-17,8.43931886459505,18.16160586338076
2021-03-18,8.378595035836778,18.13544020458641
2021-03-19,8.352751308821809,18.239173057824523
2021-03-20,8.404589836377378,18.222114927059227
2021-03-21,8.209418582119174,18.274194186528405
2021-03-22,8.398969999650944,18.308662828525726
2021-03-23,8.469410160441305,18.30984007207128
2021-03-24,8.594250022619715,18.421576517301805
2021-03-25,8.407395311173634,18.381741026864212
2021-03-26,8.391134687567112,18.39687815467047
2021-03-27,8.434570058353412,18.42941544194793
2021-03-28,8.589047689337505,18.357814076912558
2021-03-29,8.5431443033887,18.48316197022844
2021-03-30,8.470054886901462,18.443868814586487
2021-03-31,8.587119365444934,18.497631707831154
2021-04-01,8.558262091923837,18.42696546337292
2021-04-02,8.658180550897757,18.419321034779955
2021-04-03,8.503872457312166,18.55435410403784
2021-04-04,8.554073266895557,18.5487307454973
2021-04-05,8.560390381097553,18.501258339530377
2021-04-06,8.46601141645299,18.519328411240352
2021-04-07,8.654736653828094,18.63553395258066
2021-04-08,8.663991868195058,18.536242266772387
2021-04-09,8.65115940149675,18.694297157134383
2021-04-10,8.639951057350421,18.583583120795026
2021-04-11,8.53463441133833,18.67698440186367
2021-04-12,8.646868668122268,18.645084529851633
2021-04-13,8.667423463601562,18.708125473249034
2021-04-14,8.634228903187509,18.667211049645037
2021-04-15,8.711089773798506,18.702727752502966
2021-04-16,8.780385145501993,18.729364004632195
2021-04-17,8.941360364797024,18.69365932112917
2021-04-18,8.78296127081459,18.797260559245085
2021-04-19,8.804020243459115,18.75100931170633
2021-04-20,8.783582327665657,18.781690642318743
2021-04-21,8.611911512567803,18.75985381741115
2021-04-22,8.813898961408219,18.69790525125764
2021-04-23,8.835335084802677,18.83292119412323
2021-04-24,9.088397989912538,18.97955400138972
2021-04-25,8.83559939704133,18.914604092759806
2021-04-26,8.897751942608238,18.890861507434018
2021-04-27,8.876887746259785,18.89513063301616
2021-04-28,8.77625283432379,18.925849117173005
2021-04-29,9.020164634392678,18.968532426346997
2021-04-30,8.993837371065288,18.898586477878627
2021-05-01,9.010508977356348,19.029793851433343
2021-05-02,8.853228752028006,19.026297480527795
2021-05-03,9.097208643456522,19.042888349096962
2021-05-04,8.829505820939117,19.045353497807884
2021-05-05,9.041138351453807,19.04086119180793
2021-05-06,9.21425991951021,19.089974068777405
2021-05-07,8.908922439271578,19.102372361721965
2021-05-08,8.964108013679802,19.07153026754368
2021-05-09,9.043464638004279,19.07700286250172
2021-05-10,8.995913650939327,19.12722641396549
2021-05-11,8.903956588099769,19.216035254832985
2021-05-12,9.078640943542418,19.093079541531363
2021-05-13,8.978315989544638,19.09810928008227
2021-05-14,9.1446673188362,19.19617423348755
2021-05-15,9.018127367204738,19.206931224574355
2021-05-16,9.277824945985303,19.229504570755907
2021-05-17,9.05726789110536,19.249485795488646
2021-05-18,9.11614878357385,19.24257867091731
2021-05-19,9.242468371786817,19.34468260363499
2021-05-20,9.05079193326189,19.206594880836892
2021-05-21,9.20938607322113,19.26166587657754
2021-05-22,9.330116070044395,19.31437863786493
2021-05-23,9.051415186015463,19.25383258337051
2021-05-24,9.24338861018025,19.343649951762444
2021-05-25,9.263675218607295,19.45196682832628
2021-05-26,9.328630941215618,19.386388292510514
2021-05-27,9.139515297805513,19.41332966143748
2021-05-28,9.143926422440327,19.35523702594875
2021-05-29,9.340927955165878,19.403877841861235
2021-05-30,9.33119398078294,19.432386741302846
2021-05-31,9.339306513349642,19.451711453537065
2021-06-01,9.361663764120188,19.548130046180894
2021-06-02,9.271778185868074,19.528383057522795
2021-06-03,9.375767742597455,19.461376254695523
2021-06-04,9.394611335066658,19.545725039519805
2021-06-05,9.306630660789587,19.574761536078878
2021-06-06,9.577404968562133,19.623308548635936
2021-06-07,9.45097252439427,19.66177877909412
2021-06-08,9.29722059743826,19.54844768323014
2021-06-09,9.494768022877341,19.57511016531685
2021-06-10,9.34440620984666,19.56922479598747
2021-06-11,9.533344552099072,19.636853344033685
2021-06-12,9.583257364481,19.688322903767183
2021-06-13,9.398091289600522,19.73082235893015
2021-06-14,9.58925884921556,19.694108729974406
2021-06-15,9.546961043840211,19.698364553049622
2021-06-16,9.600650682001442,19.738395476880633
2021-06-17,9.720885679122823,19.705501080242527
2021-06-18,9.519429284112576,19.868185809464602
2021-06-19,9.481356194132546,19.69977647007979
2021-06-20,9.480540082461177,19.80584719843631
2021-06-21,9.50067221178262,19.91424112850884
2021-06-22,9.587304784193186,19.82985145783119
2021-06-23,9.641891867471696,19.83646016190895
2021-06-24,9.648207464778466,19.844540490574335
2021-06-25,9.716018424604501,19.86984382568257
2021-06-26,9.647362003744123,19.96395648156035
2021-06-27,9.804176937127497,19.80117161031588
2021-06-28,9.645119560943403,20.004887039003002
2021-06-29,9.956363875781594,19.87346814437151
2021-06-30,9.759675408754568,19.94778403358813
2021-07-01,9.624154633191873,19.95610507709075
2021-07-02,9.615542853882822,20.023445609650054
2021-07-03,9.783641060068685,19.930562376623158
2021-07-04,9.725809254867217,20.05002787557728
2021-07-05,9.832317297664444,20.144585371493356
2021-07-06,9.821002725568023,19.991661838155203
2021-07-07,9.779157786700415,20.085756494821197
2021-07-08,9.714523021014696,20.059622725606683
2021-07-09,9.660479385208383,20.130466842861996
2021-07-10,9.780074327325702,20.126580519478964
2021-07-11,9.923127416820185,20.109999433211794
2021-07-12,9.87165862665629,20.182918040963393
2021-07-13,9.738437089227505,20.26519248026501
2021-07-14,9.893090774539257,20.18188053324514
2021-07-15,9.927066134782455,20.243864267994745
2021-07-16,9.812910368044891,20.159663371049614
2021-07-17,9.929430337114992,20.1929558481581
2021-07-18,9.932640413220474,20.280848628948853
2021-07-19,9.825284226448245,20.34788476453747
2021-07-20,9.988121707121568,20.30791027860578
2021-07-21,10.021183138578998,20.290927357696177
2021-07-22,10.086171525115136,20.322995477549334
2021-07-23,10.096008320856532,20.27696116863551
2021-07-24,9.865622893712766,20.3861579697076
2021-07-25,9.922369041372397,20.416499504561834
2021-07-26,10.080416786940209,20.36622898285984
2021-07-27,10.093053570165997,20.38178204016935
2021-07-28,10.105941458560814,20.435028707095764
2021-07-29,10.452471553851115,20.41634945686696
2021-07-30,10.137049170710394,20.451329460993534
2021-07-31,10.206278398514572,20.576072829238985
2021-08-01,10.200883725701265,20.47518610279919
2021-08-02,10.183384389337958,20.486071028291263
2021-08-03,10.099480054598779,20.488061593666398
2021-08-04,10.219665615967571,20.574098930578984
2021-08-05,10.079247887319923,20.544278771398915
2021-08-06,10.145610262955111,20.537321976199582
2021-08-07,10.133517483701636,20.652306477785135
2021-08-08,10.203002967278612,20.673672074453002
2021-08-09,10.439043124862765,20.589121393996216
2021-08-10,10.033612463791673,20.54226622277095
2021-08-11,10.301726716943733,20.702419552886663
2021-08-12,10.08459082564275,20.63426302516265
2021-08-13,10.211430941038207,20.724476444464617
2021-08-14,10.38028090216932,20.60289062167672
2021-08-15,10.290575559237562,20.76247632753311
2021-08-16,10.189134794390519,20.67373851220994
2021-08-17,10.238140616112888,20.78728596268314
2021-08-18,10.390392476787785,20.767912058177462
2021-08-19,10.262157753578038,20.735952081871645
2021-08-20,10.369601990563384,20.77974788525097
2021-08-21,10.365275030451,20.850866271800975
2021-08-22,10.30831952655547,20.838295719664735
2021-08-23,10.600635685104018,20.87867229408843
2021-08-24,10.462394893258722,20.964724322346413
2021-08-25,10.209250447216592,20.80414086059092
2021-08-26,10.44317185221473,20.979664217980737
2021-08-27,10.371109489116382,20.920472034164295
2021-08-28,10.535293183928276,20.886765682927813
2021-08-29,10.383559491460819,20.881639852112848
2021-08-30,10.464099636012833,20.95515016191678
2021-08-31,10.538833722913001,21.02713933510769
2021-09-01,10.587672229287401,20.99113002154842
2021-09-02,10.393828784020245,21.089515872135497
2021-09-03,10.493170015997162,20.957849989176385
2021-09-04,10.491887323320595,21.046254974342492
2021-09-05,10.486810646034753,21.000690397569972
2021-09-06,10.741450708175668,21.09794231197771
2021-09-07,10.618165170099086,21.14055573540716
2021-09-08,10.464340318424922,21.091623924274074
2021-09-09,10.694976623419336,20.9989019691826
2021-09-10,10.828167763270557,21.155510717409616
2021-09-11,10.73196038447984,21.1838508857123
2021-09-12,10.48953857668476,21.19867934392954
2021-09-13,10.605813880848968,21.256704363828394
2021-09-14,10.793690117909689,21.157813218310668
2021-09-15,10.608993771284583,21.261827355621477
2021-09-16,10.736904375516518,21.303892574028684
2021-09-17,10.782747552900263,21.171788467260292
2021-09-18,10.625352815254953,21.2931510858124
2021-09-19,10.724855041662016,21.2684101510219
2021-09-20,10.419442558116723,21.305993656973033
2021-09-21,10.653892242845634,21.343904262860868
2021-09-22,10.74383590669518,21.318609658534104
2021-09-23,10.657076118493446,21.325636330837533
2021-09-24,10.957857281938528,21.37758000372585
2021-09-25,10.664363728604735,21.337960733964138
2021-09-26,10.776135132586534,21.354482422518853
2021-09-27,10.845975353840274,21.45919299116677
2021-09-28,10.98979033987371,21.384235273316843
2021-09-29,10.71483851070459,21.49144124817607
2021-09-30,10.987502815893462,21.49770583582914
2021-10-01,10.884971461635358,21.404736582802744
2021-10-02,10.798559005284039,21.473599334681325
2021-10-03,10.955681932670593,21.58363368550631
2021-10-04,10.94213926965705,21.491320586852787
2021-10-05,10.874973327239255,21.533609298350136
2021-10-06,10.954736938309571,21.59638320418403
2021-10-07,10.921987084979826,21.628900333041397
2021-10-08,10.984631894046561,21.593604511330877
2021-10-09,11.052254941828975,21.592756593954352
2021-10-10,11.157405270846839,21.71020124482969
2021-10-11,10.887783754205053,21.742478382990477
2021-10-12,11.237630356408799,21.72092695039552
2021-10-13,10.841879953846355,21.692700603040514
2021-10-14,11.03467193915048,21.664472057886048
2021-10-15,11.12144388415793,21.6798137716961
2021-10-16,11.10347306513841,21.763912345343048
2021-10-17,11.02586564123828,21.775157199180025
2021-10-18,11.080085083040045,21.840767865838746
2021-10-19,11.064358929465325,21.819661088874067
2021-10-20,11.067484262092218,21.728435217215097
2021-10-21,11.224142662344176,21.872637261245067
2021-10-22,11.187645716094012,21.786587497049037
2021-10-23,11.095414922826876,21.83374261287297
2021-10-24,11.267427584751701,21.881901834839006
2021-10-25,11.220959264151471,21.985625847071454
2021-10-26,11.284277238803138,22.05778904843835
2021-10-27,11.278715625967036,21.94907992165073
2021-10-28,11.145614955537903,21.92603458581373
2021-10-29,11.185258067465847,21.97837034722961
2021-10-30,11.328767246853303,22.012478484155107
2021-10-31,11.327836627739757,21.96851297963939
2021-11-01,11.27747115665543,22.090757576768695
2021-11-02,11.304055769238156,22.028951194988483
2021-11-03,11.432851235341555,22.05878545953932
2021-11-04,11.258689321734563,22.083645165743302
2021-11-05,11.385317913590583,22.087878931727133
2021-11-06,11.323150625085624,22.125197274275727
2021-11-07,11.334363484861726,22.068838237980728
2021-11-08,11.478771005238599,22.088236457666607
2021-11-09,11.464196669794118,22.077594481771158
2021-11-10,11.475767713350812,22.171027903006586
2021-11-11,11.537726345321616,22.204450314707014
2021-11-12,11.422040563624892,22.204842780894836
2021-11-13,11.500897191446546,22.282129407310446
2021-11-14,11.414436933513137,22.21457563275745
2021-11-15,11.490641959276763,22.264743164534362
2021-11-16,11.457972733446582,22.193171686003602
2021-11-17,11.493448350238056,22.244852392742683
2021-11-18,11.55602617113791,22.315434913800523
2021-11-19,11.427450115126305,22.339563779515224
2021-11-20,11.731272625873633,22.29886097465069
2021-11-21,11.434193875010548,22.32643000749683
2021-11-22,11.426138466737179,22.270566930811523
2021-11-23,11.676130130221393,22.345059806161068
2021-11-24,11.652247027123115,22.42388107243322
2021-11-25,11.64825445428747,22.424572813118388
2021-11-26,11.661438738364115,22.437296496437952
2021-11-27,11.61014122500843,22.431202542783772
2021-11-28,11.534402179999972,22.445517664411966
2021-11-29,11.644469787823361,22.428599097562717
2021-11-30,11.58193487570821,22.51300722360235
2021-12-01,11.759924735056632,22.515565097867526
2021-12-02,11.660468738420077,22.535568041103527
2021-12-03,11.605386471746472,22.50111600462634
2021-12-04,11.668559322115858,22.43620124882199
2021-12-05,11.754752766564154,22.61517667845907
2021-12-06,11.669848880711626,22.552827818126797
2021-12-07,11.656761011290815,22.550081550780895
2021-12-08,11.776113486852083,22.64434493263458
2021-12-09,11.789003137669196,22.60652100309876
2021-12-10,11.726573877876646,22.69556910235288
2021-12-11,11.742926079707361,22.689873228685215
2021-12-12,11.82599661886039,22.70965204542224
2021-12-13,11.670744905830327,22.62362644175802
2021-12-14,11.687568677397838,22.768972074643198
2021-12-15,11.769232347565685,22.737888049991405
2021-12-16,11.832493769375176,22.722812314523235
2021-12-17,11.897690955961595,22.76489624290849
2021-12-18,12.026897535952184,22.685365705952293
2021-12-19,11.977889591432866,22.811060756227075
2021-12-20,11.888891490971755,22.75561018829977
2021-12-21,11.91574543803326,22.75589589747253
2021-12-22,11.830155837215182,22.763862100509645
2021-12-23,11.941319174935158,22.912065126625865
2021-12-24,11.927066339497818,22.841418186247566
2021-12-25,12.000965774279074,22.966018389483864
2021-12-26,11.898732538745465,22.878992578891253
2021-12-27,12.04615199938025,22.836865402220056
2021-12-28,12.160252954111824,22.882857726158104
2021-12-29,12.008864762821315,23.016925177211714
2021-12-30,12.072673664732326,22.963790335370366
2021-12-31,12.114278606548979,22.960621527498503
2022-01-01,12.017903875044718,23.012487451671504
2022-01-02,12.093196885269776,23.046026325243073
2022-01-03,12.084808592022346,23.093257777285654
2022-01-04,12.106078676654485,23.12626344604101
2022-01-05,12.03177180326949,23.052300700312742
2022-01-06,12.124285513936364,23.020437396353923
2022-01-07,12.184396040490448,23.082517170657695
2022-01-08,12.29247228700084,23.132655102098838
2022-01-09,12.25604672368529,23.087903778514992
2022-01-10,12.388199601683361,23.104684827136605
2022-01-11,12.108908314498834,23.186182415014684
2022-01-12,12.28563684931514,23.183011051414496
2022-01-13,12.229500701072341,23.203534166819434
2022-01-14,12.442908508675707,23.18042019836968
2022-01-15,12.155860101673857,23.22327557745023
2022-01-16,12.165479460846727,23.205034604002936
2022-01-17,12.202274095375838,23.312206829828423
2022-01-18,12.062585502344694,23.335910024064205
2022-01-19,12.23516128746303,23.208288812271945
2022-01-20,12.224585238331171,23.27057331043006
2022-01-21,12.328299597989595,23.25867303874101
2022-01-22,12.360197531775125,23.317448952831
2022-01-23,12.526400732974432,23.36222889911766
2022-01-24,12.44658774772688,23.310369184678084
2022-01-25,12.306616713197469,23.35320910306258
2022-01-26,12.287227326484308,23.3655548731706
2022-01-27,12.439022425625229,23.442566756300455
2022-01-28,12.270568902627947,23.452121254738156
2022-01-29,12.598499814770879,23.42901780827531
2022-01-30,12.546059665113008,23.490396377604977
2022-01-31,12.393959802685842,23.470671977824477
2022-02-01,12.282325629842658,23.500873874593367
2022-02-02,12.60178803502372,23.61457988268043
2022-02-03,12.46770852793735,23.614380978810853
2022-02-04,12.615705858515394,23.498829512430788
2022-02-05,12.345243176294044,23.62174584322696
2022-02-06,12.457510154733537,23.637279698113414
2022-02-07,12.530733741856166,23.555747354007035
2022-02-08,12.547669146116256,23.67055004868824
2022-02-09,12.510726254447292,23.72295841047696
2022-02-10,12.630779509685398,23.60638522229994
2022-02-11,12.474494188367823,23.633087969617282
2022-02-12,12.579779997659386,23.746296832066005
2022-02-13,12.61880922418814,23.725439172320943
2022-02-14,12.67098525927826,23.75588886859747
2022-02-15,12.703464578536705,23.761795163711355
2022-02-16,12.532600596399464,23.780751146993566
2022-02-17,12.504415103365124,23.711343392587438
2022-02-18,12.79835591748397,23.846483532389897
2022-02-19,12.71658135134751,23.869047794736044
2022-02-20,12.62126301134933,23.81554940596709
2022-02-21,12.863988577412671,23.841295743735632
2022-02-22,12.73320255814514,23.78336486415437
2022-02-23,12.85232652797767,23.90208362513888
2022-02-24,12.75391037256773,23.921424407479524
2022-02-25,12.965995031770353,23.906162632599685
2022-02-26,12.94821603838191,23.98194049949901
2022-02-27,12.760547254145115,23.92546961801232
2022-02-28,12.89536247894389,23.98685442391183
2022-03-01,12.875504693662403,23.924091558738375
2022-03-02,12.960591969312558,23.9903478161851
2022-03-03,12.739998182356747,23.999258358889506
2022-03-04,12.917857389270033,24.035692115942524
2022-03-05,12.967856406810583,24.022401021454645
2022-03-06,12.698901724338748,24.05075438616856
2022-03-07,12.769211536569914,24.11508102258005
2022-03-08,12.696375884915915,24.068391100201897
2022-03-09,12.886120134102901,24.026351105082707
2022-03-10,12.997576757982388,24.210609803385744
2022-03-11,13.08881995246783,24.20865396016583
2022-03-12,12.958755440155636,24.09141876953186
2022-03-13,13.126969231526221,24.206967942605228
2022-03-14,12.838859246003038,24.163784461871238
2022-03-15,12.819292862744446,24.21855820922119
2022-03-16,12.996838051645733,24.23654570296114
2022-03-17,13.053561081284759,24.226564754550484
2022-03-18,13.024646776436853,24.215547509342816
2022-03-19,12.833933756097709,24.23665938806215
2022-03-20,13.044527677005851,24.241827492959736
2022-03-21,12.935754445762077,24.26249662637811
2022-03-22,13.145930365551,24.317179470342996
2022-03-23,13.128384650133116,24.30120103344576
2022-03-24,13.010498561746129,24.387542284242762
2022-03-25,13.06586156350063,24.44425263677976
2022-03-26,13.024088617900835,24.35733831500029
2022-03-27,13.136503775217848,24.414761850151397
2022-03-28,13.251047631850724,24.444226528695605
2022-03-29,13.069722510022478,24.459293034782256
2022-03-30,13.231461481063251,24.45594133268793
2022-03-31,13.140792782529656,24.505728338265943
2022-04-01,13.1272929759961,24.50915731303782
2022-04-02,13.208638938082313,24.439612392343257
2022-04-03,13.128579456691263,24.561403964734918
2022-04-04,13.189500473253917,24.578761351434625
2022-04-05,13.137839329385185,24.51268315241819
2022-04-06,13.466861346791141,24.56919499745533
2022-04-07,13.286676903552108,24.61791520337934
2022-04-08,13.22593971241111,24.58973371081565
2022-04-09,13.330071969139226,24.67029895223875
2022-04-10,13.310202887952155,24.75129432263725
2022-04-11,13.31210044782335,24.610252044330363
2022-04-12,13.408375792636447,24.59694976386026
2022-04-13,13.43547160849227,24.697643571854023
2022-04-14,13.31943243758192,24.734981415385917
2022-04-15,13.327662443133939,24.703810619493208
2022-04-16,13.370500812338674,24.804467619407326
2022-04-17,13.180575580435715,24.681324944310944
2022-04-18,13.272010305544853,24.799351813504522
2022-04-19,13.572978553364594,24.75086348937083
2022-04-20,13.613549612825702,24.88357607377497
2022-04-21,13.436910952375369,24.913683594178845
2022-04-22,13.532231967492018,24.792175645187104
2022-04-23,13.51846300149623,24.819481265836675
2022-04-24,13.807987781742833,24.906389165036927
2022-04-25,13.624818906896198,24.860503886254293
2022-04-26,13.5128313714601,24.89404050590299
2022-04-27,13.442830801403568,24.914031135882556
2022-04-28,13.390501928293286,24.833228705101384
2022-04-29,13.584254638761198,24.944971123662388
2022-04-30,13.501034915501481,24.927627270319725
2022-05-01,13.447206333925578,24.953908165958776
2022-05-02,13.537536131316527,25.067196555308037
2022-05-03,13.506800334234772,24.948640258476466
2022-05-04,13.796431012958903,25.06857651058366
2022-05-05,13.728642540002026,25.030418752785504
2022-05-06,13.652443015030853,25.046829538933135
2022-05-07,13.813996407906949,25.116786790216345
2022-05-08,13.686500539638141,25.110721408198035
2022-05-09,13.605397003595987,25.1387001413864
2022-05-10,13.856599546311214,25.1750293726079
2022-05-11,13.770939857808148,25.126505368477922
2022-05-12,13.62608595286247,25.128909598967535
2022-05-13,13.723538415342189,25.121714557420862
2022-05-14,13.667772172667508,25.15115220530564
2022-05-15,13.629815739764982,25.356328101125857
2022-05-16,13.873475182470013,25.28755800695309
2022-05-17,13.984560806619298,25.174220957661685
2022-05-18,13.666524100045805,25.19210242619074
2022-05-19,13.87543949595221,25.298769275169672
2022-05-20,13.766840030226401,25.31848986000848
2022-05-21,13.795953463617549,25.335021459961286
2022-05-22,13.798188324425565,25.31128012657356
2022-05-23,13.783790354736905,25.334205851306933
2022-05-24,13.887803309354803,25.373323188570883
2022-05-25,13.812617849774648,25.37767451073341
2022-05-26,13.935520258849172,25.278865489837198
2022-05-27,13.916212480181708,25.39479117500165
2022-05-28,13.910103201295414,25.380161482873227
2022-05-29,13.856003354633328,25.4479430235875
2022-05-30,13.90184430263609,25.60489605082808
2022-05-31,14.047822273130933,25.490457832027456
2022-06-01,14.035136584166228,25.47285791250095
2022-06-02,13.900051055779368,25.55107511996427
2022-06-03,14.02050152565758,25.545570087281696
2022-06-04,14.09846872230727,25.558891065499658
2022-06-05,13.869151196713387,25.584679518693683
2022-06-06,14.103189458918951,25.67361481533021
2022-06-07,13.995352778641806,25.530693863378268
2022-06-08,14.13143673625114,25.62737053704097
2022-06-09,14.010812668593008,25.573820524757156
2022-06-10,13.919412089036241,25.664365861629175
2022-06-11,13.949907770169808,25.607106551793592
2022-06-12,14.130232223479698,25.648623184743474
2022-06-13,14.164157693841142,25.671187677767666
2022-06-14,14.060515496013988,25.75118365750263
2022-06-15,14.227568119257597,25.764766191788347
2022-06-16,14.010318582008399,25.67300824882474
2022-06-17,14.182624323225998,25.754491471252884
2022-06-18,14.080892397969917,25.732716421021266
2022-06-19,14.14957212202138,25.72172081628079
2022-06-20,14.23225731478867,25.79024585734917
2022-06-21,14.154237825984067,25.802123218503432
2022-06-22,14.214585322944915,25.95533383029933
2022-06-23,14.366431873144775,25.872096645305923
2022-06-24,14.220875120126449,25.798018427056007
2022-06-25,14.374895233140712,25.855111249941004
2022-06-26,14.191117051323872,25.950869762976854
2022-06-27,14.369829869436593,26.020673384904715
2022-06-28,14.473768028566289,25.853402728705152
2022-06-29,14.095208431343204,25.85515632311593
2022-06-30,14.27544507066432,26.059151449197305
2022-07-01,14.425603523784854,26.001534547353092
2022-07-02,14.360353487317933,25.95508984994656
2022-07-03,14.430534328114799,26.041686588902337
2022-07-04,14.345782936961522,25.8996183957012
2022-07-05,14.427602149235826,26.048025206037735
2022-07-06,14.41613716180476,26.080698137405864
2022-07-07,14.561244806365382,26.126971233796432
2022-07-08,14.482670399384958,26.046513577260743
2022-07-09,14.503750296117792,26.11794338100138
2022-07-10,14.441564048153458,26.08383843968406
2022-07-11,14.446752837213888,26.159329506826584
2022-07-12,14.46501935569461,26.118243650980556
2022-07-13,14.560482103569836,26.159056573196526
2022-07-14,14.491700156105413,26.146121493470854
2022-07-15,14.575537804732512,26.244919723357388
2022-07-16,14.76686211376285,26.27173611515487
2022-07-17,14.659196219096911,26.233533178879995
2022-07-18,14.55224311039239,26.263626755181704
2022-07-19,14.717728570681,26.205735932757854
2022-07-20,14.569561356017884,26.279632319145023
2022-07-21,14.419318154657688,26.308556568749108
2022-07-22,14.53508369193917,26.45855710220853
2022-07-23,14.461574845783757,26.288369744424152
2022-07-24,14.626264404337643,26.433627605706317
2022-07-25,14.676019305516164,26.426712330497818
2022-07-26,14.854582913680172,26.407351860104864
2022-07-27,14.732393634684493,26.497701712145947
2022-07-28,14.690552559282624,26.444826609622368
2022-07-29,14.808164885137293,26.46212994383125
2022-07-30,14.51687251097359,26.456466599452813
2022-07-31,14.774309212540668,26.536751724280453
2022-08-01,14.840595990973942,26.546847389905896
2022-08-02,14.628412561862696,26.477190711896377
2022-08-03,14.903408305616807,26.458962864597083
2022-08-04,14.835644256900988,26.531226840513067
2022-08-05,14.7730275396169,26.5178245922188
2022-08-06,14.89059623247304,26.57110093976375
2022-08-07,15.067149046498287,26.652599723284556
2022-08-08,14.871028101079132,26.584313381851842
2022-08-09,14.890425249058747,26.62148794359644
2022-08-10,14.832428815330124,26.642980897458266
2022-08-11,14.806142183193103,26.698951952883945
2022-08-12,14.986921916649441,26.560636590130283
2022-08-13,14.831041667259562,26.659096690147077
2022-08-14,14.936568388427823,26.71644653755515
2022-08-15,14.894407734884805,26.782336948818354
2022-08-16,15.002833176991391,26.714188526677532
2022-08-17,15.001063119800879,26.66140666180658
2022-08-18,15.084212618553408,26.802670517462815
2022-08-19,14.942218699097575,26.756367473779058
2022-08-20,14.978994560309149,26.745102908321655
2022-08-21,14.920867397115689,26.789819619846345
2022-08-22,14.987076157541741,26.828261269505045
2022-08-23,15.081997247709271,26.82370095221676
2022-08-24,15.132727774924755,26.76011053064455
2022-08-25,14.977574095697893,26.93169279139969
2022-08-26,15.169512934981654,26.9670338816751
2022-08-27,15.230877843707015,26.952316877233976
2022-08-28,15.149419263004326,26.87930714220159
2022-08-29,15.308517068793197,26.942567497081285
2022-08-30,15.056220282482466,26.968766656073026
2022-08-31,15.021895446917114,27.015483089368427
2022-09-01,14.981250607213262,27.035411042382066
2022-09-02,15.321488778108042,26.98173597606307
2022-09-03,15.250082627449963,27.038995091878505
2022-09-04,15.191849309578945,27.07420998234442
2022-09-05,15.238166354157405,27.14058772627683
2022-09-06,15.11038230165102,27.11947258521656
2022-09-07,15.480268119197975,27.140150740649933
2022-09-08,15.261376754289248,27.121339885733455
2022-09-09,15.272155830407648,27.204122159652997
2022-09-10,15.346554728192462,27.17053799024663
2022-09-11,15.334840703831699,27.123446102995807
2022-09-12,15.321889897941373,27.25311964506658
2022-09-13,15.233215764824362,27.234296958243103
2022-09-14,15.372171760937928,27.19370024161556
2022-09-15,15.525989089727267,27.208328442357857
2022-09-16,15.485090359550693,27.263582516040685
2022-09-17,15.522628732454569,27.288363626602862
2022-09-18,15.324950217002943,27.291519648176877
2022-09-19,15.289873017475639,27.31367111662329
2022-09-20,15.389016522346965,27.3995541997358
2022-09-21,15.419929420441234,27.384584136674558
2022-09-22,15.536537795914894,27.356989406681894
2022-09-23,15.270633895951748,27.41097380421285
2022-09-24,15.605597105724728,27.328732728053936
2022-09-25,15.4496029987762,27.416705923783482
2022-09-26,15.43547739649479,27.50372553682863
2022-09-27,15.389716780818949,27.41880857262819
2022-09-28,15.338203266013823,27.403779819022684
2022-09-29,15.598767706452024,27.43000771907982
2022-09-30,15.536544159630107,27.424581159698185
2022-10-01,15.412977987792596,27.45627536421475
2022-10-02,15.425227915415773,27.49343870274747
2022-10-03,15.533919037548555,27.45813640477387
2022-10-04,15.74716137486194,27.545646320486114
2022-10-05,15.567061802052075,27.6064299105338
2022-10-06,15.455468356732059,27.532378890892957
2022-10-07,15.59397006049071,27.67018154413822
2022-10-08,15.604033724779969,27.636207600438347
2022-10-09,15.374379132316013,27.678647673349
2022-10-10,15.651400024813823,27.610677564431022
2022-10-11,15.646497773300169,27.70274620153279
2022-10-12,15.751973577657813,27.621873893215533
2022-10-13,15.880010265526439,27.737433611332953
2022-10-14,15.820532873842115,27.717963851336634
2022-10-15,15.693749216687289,27.753485093402034
2022-10-16,15.62274720972404,27.683493450177384
2022-10-17,16.003497495778625,27.713970336400624
2022-10-18,15.764845073710523,27.805035887482962
2022-10-19,15.7730778743558,27.744207724414913
2022-10-20,15.782034151308942,27.83123608728691
2022-10-21,15.817016850952161,27.756169530414773
2022-10-22,15.795534048538416,27.883385779426952
2022-10-23,15.765365603898218,27.795801551111026
2022-10-24,15.780807625317637,27.90149336178926
2022-10-25,15.84497990727551,27.92161055964342
2022-10-26,15.806674472039166,27.87194107009547
2022-10-27,15.80249408574026,27.95233163742702
2022-10-28,15.8971834016326,27.952703070295293
2022-10-29,15.873804371976759,27.92918951237481
2022-10-30,16.062463107432546,27.922154519036468
2022-10-31,15.659728542590411,27.890901616712483
2022-11-01,16.04673792347739,28.022966051716928
2022-11-02,16.07495747239034,27.943694058839675
2022-11-03,15.755771644755198,28.043152055435677
2022-11-04,15.941603623443413,28.041663082715328
2022-11-05,15.951490011107301,28.105243280347185
2022-11-06,15.860644643090533,28.072634514656617
2022-11-07,15.93637585865866,28.087715048369585
2022-11-08,15.915861657726598,28.157231620957187
2022-11-09,16.21490800147098,28.153841635252814
2022-11-10,16.146010511298794,28.169347179713576
2022-11-11,16.1923598963389,28.193453409400696
2022-11-12,16.15013330809924,28.109662071805747
2022-11-13,15.977822639428625,28.240730760021282
2022-11-14,16.051037504777806,28.249965413778447
2022-11-15,16.16518870238401,28.184958465704778
2022-11-16,16.006800180227454,28.24003924650572
2022-11-17,16.213074518989327,28.266728553863885
2022-11-18,16.130503851011703,28.278419727081012
2022-11-19,16.129816024927994,28.318288212685356
2022-11-20,16.251155817358736,28.389614201504322
2022-11-21,16.237247866542422,28.38858484685224
2022-11-22,16.169486633667347,28.285336198852857
2022-11-23,16.334277945441112,28.398501306095564
2022-11-24,16.12300034720013,28.450295120612864
2022-11-25,16.30546195550998,28.419639528726385
2022-11-26,16.315940235467824,28.471298772007053
2022-11-27,16.238437180595025,28.53381392108863
2022-11-28,16.31476684160607,28.50083652416477
2022-11-29,16.169803896598758,28.47856712469734
2022-11-30,16.400079671013415,28.534806766675327
2022-12-01,16.301948470303856,28.506247382681764
2022-12-02,16.280928096751687,28.516648791246997
2022-12-03,16.450863036242712,28.5143335753529
2022-12-04,16.28828945946018,28.626525603136024
2022-12-05,16.230639413733538,28.523884149953147
2022-12-06,16.228584340872935,28.65787461753999
2022-12-07,16.457609968215323,28.622700085548935
2022-12-08,16.281727752686567,28.544192218677647
2022-12-09,16.59801182099006,28.64899064012315
2022-12-10,16.22710117685869,28.542057498146832
2022-12-11,16.617701469331497,28.694784872426794
2022-12-12,16.48191929407819,28.724221693790525
2022-12-13,16.463907951026325,28.666792969914308
2022-12-14,16.431849068387898,28.71903880055052
2022-12-15,16.539016303359436,28.82701993549609
2022-12-16,16.508100936537176,28.72047537665131
2022-12-17,16.634956309836745,28.709267980567407
2022-12-18,16.548810601356735,28.852747178099204
2022-12-19,16.56517972749215,28.893244015558444
2022-12-20,16.52655004498001,28.811750087680128
2022-12-21,16.569978418684727,28.87858910391399
2022-12-22,16.619214872801468,28.911540395975948
2022-12-23,16.430179571502038,28.823793036628313
2022-12-24,16.47913958341256,28.853102604542674
2022-12-25,16.701046249880836,28.955362270024636
2022-12-26,16.656568099146796,28.994519906358157
2022-12-27,16.633844936554162,28.954863883487285
2022-12-28,16.666848378351407,28.899179770859295
2022-12-29,16.712524870436468,29.058974192175203
2022-12-30,16.636552446724796,28.949523239755464
2022-12-31,16.625459657070937,28.975765543643323
2023-01-01,16.73563636997637,29.026089972482207
2023-01-02,16.63097628156053,29.1031317498493
2023-01-03,16.782400549748917,29.084573175697006
2023-01-04,16.584078628609117,29.07906829994332
2023-01-05,16.870014267620903,29.097940099486962
2023-01-06,16.827120166985075,29.093402054469067
2023-01-07,16.81822510703059,29.13558394481865
2023-01-08,16.903652946849192,28.997649613263842
2023-01-09,16.984693007756327,29.1257478922509
2023-01-10,16.932344284667316,29.16909501000606
2023-01-11,16.659581569887774,29.115928857135074
2023-01-12,16.7284730112028,29.209246375262467
2023-01-13,16.806710564962238,29.196157296378413
2023-01-14,16.884563242608323,29.310605290399323
2023-01-15,16.946481754489586,29.31793313980013
2023-01-16,16.834903185982764,29.23244252313931
2023-01-17,16.938915958601246,29.26464156407271
2023-01-18,16.857462703773642,29.28493671942646
2023-01-19,16.884610931565213,29.28250177195473
2023-01-20,16.817858317035018,29.33128664301995
2023-01-21,16.878962816964187,29.30007193843
2023-01-22,16.848879395869076,29.297905923183333
2023-01-23,16.89922224598841,29.402022899181055
2023-01-24,17.11493546580236,29.418814465252964
2023-01-25,16.927393112113815,29.36357284611471
2023-01-26,17.298332922336183,29.465007053691668
2023-01-27,17.097188220795967,29.405111043751106
2023-01-28,17.079101757932797,29.465798840167103
2023-01-29,16.987544082400625,29.51060842695166
2023-01-30,17.156172563215076,29.484361246141685
2023-01-31,17.041339507505835,29.52522956803976
2023-02-01,17.12386598644958,29.493121688294156
2023-02-02,17.380435173667358,29.525570489372964
2023-02-03,17.12758244472345,29.541551495056183
2023-02-04,17.264877482179916,29.53096619732902
2023-02-05,17.092394221894192,29.575907054556076
2023-02-06,17.171974730212522,29.523765495824513
2023-02-07,17.365315357681197,29.593089371466423
2023-02-08,17.138300303194306,29.61985393221088
2023-02-09,17.39500357962821,29.637739367310427
2023-02-10,17.297295632229496,29.654924130697488
2023-02-11,17.183035475949957,29.680361441053854
2023-02-12,17.315284642300366,29.723872375006998
2023-02-13,17.362061028212924,29.76007680086515
2023-02-14,17.339748294327403,29.700313333871943
2023-02-15,17.13330654097207,29.689092200500735
2023-02-16,17.230377010234065,29.713600670713866
2023-02-17,17.291100579116836,29.75779339332211
2023-02-18,17.321170814617414,29.781008121546865
2023-02-19,17.403443082137922,29.776555032183648
2023-02-20,17.37190768733161,29.766699650336857
2023-02-21,17.23336486622271,29.825150090231478
2023-02-22,17.417680802049748,29.873478110666717
2023-02-23,17.453481306332968,29.91060890100863
2023-02-24,17.461163491453128,29.86943692311727
2023-02-25,17.526024234070913,29.893108832721342
2023-02-26,17.514100091825778,29.88387445644198
2023-02-27,17.489387599149165,29.945088061421444
2023-02-28,17.44921473493589,29.92068923628647
2023-03-01,17.302896927585593,30.008217706713904
2023-03-02,17.524716557705883,29.906718639510974
2023-03-03,17.51528521936437,29.994481128540887
2023-03-04,17.53443604922303,30.043968627178927
2023-03-05,17.392365022776893,30.054555634091304
2023-03-06,17.424695941173532,30.196466239530032
2023-03-07,17.650878595403082,30.095755205615234
2023-03-08,17.55436950953956,30.044513122600573
2023-03-09,17.639236809517925,30.10639328814405
2023-03-10,17.58668029224914,30.038804831881013
2023-03-11,17.5995857834411,30.14003780914533
2023-03-12,17.70320026494456,30.118865641815965
2023-03-13,17.570529126380656,30.222738606499842
2023-03-14,17.644507391751926,30.16594272704789
2023-03-15,17.60142950004276,30.20403209304374
2023-03-16,17.616969121025463,30.19454314481911
2023-03-17,17.642263246277267,30.32971425253783
2023-03-18,17.708155550642932,30.243160194695104
2023-03-19,17.650829026168648,30.36730083323079
2023-03-20,17.83704121574778,30.332831217218576
2023-03-21,17.63476658782391,30.332677613535264
2023-03-22,17.718301868485163,30.3434615825902
2023-03-23,17.705777641929313,30.361165438190973
2023-03-24,17.907210251047537,30.261542592368713
2023-03-25,17.794929655118757,30.360432699684285
2023-03-26,17.891220346269893,30.433085416006875
2023-03-27,17.652241569874768,30.404833306329785
2023-03-28,17.840264348620824,30.353469321219144
2023-03-29,17.915284116451677,30.437559239086283
2023-03-30,17.84731115067231,30.541835385483765
2023-03-31,17.958392504106733,30.535425343503555
2023-04-01,17.8128773364456,30.48643120531435
2023-04-02,18.018302640329626,30.553554517691392
2023-04-03,18.120019423528426,30.504107350875916
2023-04-04,17.86660746997797,30.453689770608815
2023-04-05,17.871102788737293,30.509110698599507
2023-04-06,18.07375320344457,30.649929084487226
2023-04-07,18.09913368516131,30.574535640026184
2023-04-08,17.90165218272834,30.592516743204733
2023-04-09,17.92468121858952,30.606144680415568
2023-04-10,17.951283154268488,30.7327940677638
2023-04-11,17.857778278906544,30.735335832109083
2023-04-12,17.913119850216987,30.781427546069217
2023-04-13,17.91733268304563,30.67898692193264
2023-04-14,17.95372871806586,30.71817105494583
2023-04-15,18.039801700693026,30.64400835109327
2023-04-16,18.07945337754079,30.81013784792605
2023-04-17,18.22384366842398,30.69435279711258
2023-04-18,17.98171992992413,30.780031200919936
2023-04-19,18.192749288701098,30.730777944405993
2023-04-20,18.085679879286324,30.772650377506537
2023-04-21,18.114894107599063,30.77668124534682
2023-04-22,18.200084142636403,30.804601251921344
2023-04-23,18.033091706118945,30.824489527853522
2023-04-24,18.196366597749012,30.840482871320546
2023-04-25,18.18753255880735,30.926013654711646
2023-04-26,18.23289417924229,30.84555446752534
2023-04-27,18.225327632087694,30.92827532658499
2023-04-28,18.454702496543433,30.994596860905407
2023-04-29,18.158160198982646,30.924489733120293
2023-04-30,18.18159621676303,30.930704254864416
2023-05-01,18.185143574476168,30.971524616198614
2023-05-02,18.204671630058055,31.058487755931495
2023-05-03,18.209242344098865,31.025657525116962
2023-05-04,18.4046444247957,31.005842076894744
2023-05-05,18.440554911339365,31.07304727224036
2023-05-06,18.254191572020865,31.01018948024497
2023-05-07,18.240792358940823,31.11582271131477
2023-05-08,18.383931186745322,31.118635749233544
2023-05-09,18.29432904153402,31.099265608347345
2023-05-10,18.4256062425931,31.089177390037758
2023-05-11,18.395367077758113,31.10322328190178
2023-05-12,18.23626207902869,31.190748842889082
2023-05-13,18.555348725516858,31.24190764925207
2023-05-14,18.592947687548836,31.16504388483201
2023-05-15,18.364842766046277,31.236279255416857
2023-05-16,18.400113193956553,31.125459217365012
2023-05-17,18.480231603878075,31.217030329818087
2023-05-18,18.49785245865972,31.261158917763236
2023-05-19,18.543022921783734,31.23367834161352
2023-05-20,18.69095066324852,31.248787841778967
2023-05-21,18.484997201477917,31.278674830750834
2023-05-22,18.43562391462891,31.343124093046427
2023-05-23,18.390283431136734,31.335598653765626
2023-05-24,18.46788406479943,31.24950419107553
2023-05-25,18.55042608636167,31.271831393165854
2023-05-26,18.745956284856266,31.363973789960582
2023-05-27,18.527501083456304,31.433652026211952
2023-05-28,18.614402723379243,31.289843102828844
2023-05-29,18.603143353463516,31.418682484213356
2023-05-30,18.73638668527103,31.4338072482509
2023-05-31,18.88300231536902,31.545987178043024
2023-06-01,18.589983910345058,31.47376984660279
2023-06-02,18.6068885582407,31.52862103448132
2023-06-03,18.773010305054868,31.532985090304475
2023-06-04,18.749545081166023,31.43584455736557
2023-06-05,18.87878837963243,31.597233890243356
2023-06-06,18.765272180446857,31.58604400274041
2023-06-07,18.683711867690985,31.617138257507158
2023-06-08,18.791468274694356,31.80448735890108
2023-06-09,18.85603486453885,31.520420474660167
2023-06-10,18.83997443945573,31.727311602178982
2023-06-11,18.82141533930216,31.64315504177674
2023-06-12,18.890117120005772,31.688344511022745
2023-06-13,18.913140924946862,31.68815310159336
2023-06-14,18.94718897986148,31.685667545244357
2023-06-15,18.886605784372126,31.694838363558155
2023-06-16,18.81778470243691,31.756256094804574
2023-06-17,18.86192959396736,31.68037262124817
2023-06-18,18.9806708368303,31.81021091251368
2023-06-19,18.791088087936174,31.768322881949157
2023-06-20,18.92241070077762,31.749079783297233
2023-06-21,18.85897120351303,31.799533255405297
2023-06-22,18.91394128189468,31.901342007204047
2023-06-23,19.05167370071736,31.82816844006594
2023-06-24,18.955700136114057,31.889308523383065
2023-06-25,18.953995598983113,31.85128867674264
2023-06-26,18.82612804492494,31.942183231080428
2023-06-27,19.04950073048109,31.95501317357959
2023-06-28,19.052185506847906,32.029618876360736
2023-06-29,19.21672427591978,31.944860885476785
2023-06-30,18.98238269494937,32.00352247104547
2023-07-01,19.047837266066495,31.991443755840358
2023-07-02,19.06362231652661,32.067784616012396
2023-07-03,19.209190990987313,31.98350005559464
2023-07-04,19.054677824627706,32.07314258867477
2023-07-05,19.10487124529887,32.04260810628091
2023-07-06,19.15052045854892,32.06558421028715
2023-07-07,19.12115343474834,32.08983189142082
2023-07-08,19.070610875833086,32.114306935075575
2023-07-09,19.1474249514334,32.11233411115398
2023-07-10,19.24814084198498,32.14533187052443
2023-07-11,19.05088785191333,32.22995276229985
2023-07-12,19.179598064124562,32.21676999175833
2023-07-13,19.109050730071388,32.22740588515825
2023-07-14,19.311329189313224,32.17762182728804
2023-07-15,19.052267550797797,32.172387410233654
2023-07-16,19.161455771404444,32.281065127612784
2023-07-17,19.267830858493493,32.293553087383216
2023-07-18,19.39942378876591,32.339834929600116
2023-07-19,19.249058074590607,32.25245301256994
2023-07-20,19.21287486288402,32.28762525915621
2023-07-21,19.469272237352836,32.233579131853794
2023-07-22,19.149116855222584,32.31238043273285
2023-07-23,19.086799364457637,32.3982831616207
2023-07-24,19.363443119980406,32.34158051518615
2023-07-25,19.28199796739525,32.41337992196343
2023-07-26,19.24284182297287,32.38828142495933
2023-07-27,19.428562464271312,32.43046007972613
2023-07-28,19.394868605773933,32.3733233068801
2023-07-29,19.32684238617857,32.451418996908416
2023-07-30,19.26798152424059,32.314052373937514
2023-07-31,19.496019411791124,32.470715012630286
2023-08-01,19.486555511614412,32.41498680640846
2023-08-02,19.424379522296043,32.57326084247739
2023-08-03,19.63172252313418,32.56828213234411
2023-08-04,19.352812061752232,32.56919596186002
2023-08-05,19.32002973614781,32.63836337217551
2023-08-06,19.416153161107587,32.53131788283214
2023-08-07,19.493547081315597,32.682582516824986
2023-08-08,19.53520134273885,32.658274583198065
2023-08-09,19.499505506876382,32.616287888679935
2023-08-10,19.57159636716888,32.70134730845586
2023-08-11,19.423998599953837,32.60570227353196
2023-08-12,19.706290717635643,32.636241889131995
2023-08-13,19.566460854244493,32.66348875910222
2023-08-14,19.699167270097995,32.68392000791684
2023-08-15,19.63447193643239,32.67399165923786
2023-08-16,19.65863643856543,32.80442434278647
2023-08-17,19.682699559528704,32.74677811746904
2023-08-18,19.683255402362654,32.793796733961216
2023-08-19,19.715518537203106,32.764104565278515
2023-08-20,19.79692322908503,32.718042616627606
2023-08-21,19.696421807897366,32.83902629763044
2023-08-22,19.760431781541502,32.74636132899571
2023-08-23,19.693319551209367,32.854993023518254
2023-08-24,19.859066557038467,32.806459621936725
2023-08-25,19.660177320143028,32.990689821895735
2023-08-26,19.92067230849547,32.95334480609876
2023-08-27,19.749324184995388,32.92951500760944
2023-08-28,19.623024184703453,33.00386329998443
2023-08-29,19.79167385126177,32.914812815284236
2023-08-30,19.723519958878633,33.00075323114687
2023-08-31,19.88845119438043,33.00002043195513
2023-09-01,19.751886156406748,33.01968156239171
2023-09-02,19.785291925870947,33.0865488813862
2023-09-03,19.653717910953304,33.07600645957568
2023-09-04,19.81020306697838,33.07026868563377
2023-09-05,19.62580748109583,32.98953877873694
2023-09-06,19.722566846265586,33.04073148384022
2023-09-07,19.969760309084023,33.09904899998023
2023-09-08,19.985060574190108,33.126303713429685
2023-09-09,19.961788029358956,33.08157555653799
2023-09-10,19.835306373722972,33.27512022460644
2023-09-11,19.93999456727713,33.24680674164603
2023-09-12,19.957167163837703,33.217543602958806
2023-09-13,19.85445266368294,33.2074901780592
2023-09-14,20.133390677634342,33.20972853455579
2023-09-15,20.083548791370628,33.18919370810557
2023-09-16,19.98647785978553,33.25711430508846
2023-09-17,20.02402457592338,33.28257855422549
2023-09-18,20.05493598767412,33.224053546500095
2023-09-19,19.84268593489237,33.31930104419225
2023-09-20,20.03490339833817,33.31127991894461
2023-09-21,20.00418442664589,33.240103141547806
2023-09-22,19.984982565311604,33.30892491695853
2023-09-23,20.06979625186794,33.347714538882265
2023-09-24,20.290436648696918,33.47922984647619
2023-09-25,20.1875139969941,33.429123767891696
2023-09-26,20.079073526744555,33.350972681265844
2023-09-27,20.20621141871388,33.45849922224755
2023-09-28,20.3016503990923,33.373282856385586
2023-09-29,20.26693993858041,33.52123325658269
2023-09-30,20.193201322136584,33.45999311935328
2023-10-01,20.135306322229447,33.49531819056304
2023-10-02,20.282584046216794,33.582740480432946
2023-10-03,20.264871968253043,33.46854311768246
2023-10-04,20.327804466569077,33.47949603491185
2023-10-05,20.314564039589932,33.536622625906034
2023-10-06,20.368763845809106,33.63417218283013
2023-10-07,20.223046767976548,33.52273658456115
2023-10-08,20.42107141055147,33.473546756485305
2023-10-09,20.321853679312714,33.60904724152621
2023-10-10,20.522381520961428,33.67564287249804
2023-10-11,20.25869836674538,33.724519568045274
2023-10-12,20.513975243726296,33.65779906050988
2023-10-13,20.37293165661147,33.67683644631419
2023-10-14,20.300760492759196,33.771553461438614
2023-10-15,20.33027542457064,33.63682198779688
2023-10-16,20.359390992012074,33.72733368207834
2023-10-17,20.446604032327134,33.77273156338958
2023-10-18,20.469232701345923,33.8021219530134
2023-10-19,20.372340867003953,33.77062133034544
2023-10-20,20.440037123027142,33.81428436364612
2023-10-21,20.66946133296986,33.704596593446
2023-10-22,20.640750328974182,33.812551188555794
2023-10-23,20.524390093786945,33.884589692856046
2023-10-24,20.497319789491797,33.82925020357141
2023-10-25,20.518284289202235,33.89776476441946
2023-10-26,20.580394668658883,33.933609826435955
2023-10-27,20.42952532972144,33.910589389408756
2023-10-28,20.518828647354376,33.95269068605731
2023-10-29,20.390469608564384,33.912481517299085
2023-10-30,20.61001204306811,33.96673822963434
2023-10-31,20.647571039633284,34.02403025015444
2023-11-01,20.54729451428851,34.01781873777924
2023-11-02,20.765773551702882,33.99709417430844
2023-11-03,20.498560023929077,34.05408220605701
2023-11-04,20.487460817063766,34.095052523430134
2023-11-05,20.669105201796178,33.97327561802526
2023-11-06,20.76413156505683,34.15017703325777
2023-11-07,20.840576218796834,34.091861241131745
2023-11-08,20.639056738219587,34.14639912278364
2023-11-09,20.805574962705045,34.201437620359734
2023-11-10,20.70661774726728,34.08944223737178
2023-11-11,20.7059675790787,34.13900452016775
2023-11-12,20.824358017676886,34.17649978355118
2023-11-13,20.813986026624992,34.168190190344575
2023-11-14,20.60387623794066,34.310575343248466
2023-11-15,20.921931203467107,34.197440557821125
2023-11-16,20.925048018764695,34.22895247159395
2023-11-17,20.737244328054434,34.283399910204274
2023-11-18,20.85214266640456,34.22952363037616
2023-11-19,20.874727046544525,34.28629771914798
2023-11-20,20.86415311935408,34.33840506585413
2023-11-21,20.795816942242578,34.32234003062833
2023-11-22,20.796446835688748,34.35076435595829
2023-11-23,20.873815480238843,34.3454177413367
2023-11-24,21.006405504119357,34.31261147955592
2023-11-25,20.9562543325083,34.42086530363775
2023-11-26,20.877594598695676,34.50898294470898
2023-11-27,21.00458761782456,34.438607020721626
2023-11-28,20.65532519955215,34.46540079310066
2023-11-29,21.0678177465078,34.505224373049955
2023-11-30,20.791731513448216,34.42357235852262
2023-12-01,20.942220512041146,34.58861526431227
2023-12-02,20.879259331574275,34.53005661928275
2023-12-03,20.874519888320236,34.61798367247191
2023-12-04,21.132832429485607,34.516189825797085
2023-12-05,20.982741345472004,34.660195219757
2023-12-06,21.0769235686317,34.624500546386685
2023-12-07,21.05034283742614,34.6298454240334
2023-12-08,21.115500692891807,34.63034529051426
2023-12-09,21.08824051413095,34.62266828494872
2023-12-10,20.965020817461504,34.71157194683197
2023-12-11,21.205708436680506,34.67501400545651
2023-12-12,21.069467811275096,34.586093174840585
2023-12-13,20.97594699458069,34.645037984990424
2023-12-14,21.101555383205504,34.708055668521965
2023-12-15,21.30720459322096,34.74929855334572
2023-12-16,21.254912503224315,34.747419827798275
2023-12-17,21.14778683042761,34.82764843978879
2023-12-18,21.160487988291987,34.685595455153006
2023-12-19,21.176011968457527,34.80678059323603
2023-12-20,21.42861198679078,34.72515288319724
2023-12-21,21.271892448513288,34.870488107296644
2023-12-22,21.28946478286467,34.84423020485617
2023-12-23,21.362250678404184,34.8863842872353
2023-12-24,21.295862963759085,34.83866028866045
2023-12-25,21.258841548129794,34.962278331328655
2023-12-26,21.2778724926588,34.96684196600454
2023-12-27,21.303109066481326,34.96038359600803
2023-12-28,21.31930868362718,34.94118116657009
2023-12-29,21.4085555764973,34.99310054123385
2023-12-30,21.35374892556976,34.945213696625565
2023-12-31,21.434580059566027,35.039786756031795
2024-01-01,21.366006108689042,35.09593366585278
2024-01-02,21.394703000586944,35.083440797191386
2024-01-03,21.19978112795756,35.00988079375789
2024-01-04,21.50399567873645,35.080882431167744
2024-01-05,21.459773473711437,35.014605136171994
2024-01-06,21.537687351963033,35.124332376974536
2024-01-07,21.161022518013134,35.134693680114715
2024-01-08,21.672247241166012,35.03512334055081
2024-01-09,21.462212522727853,35.08697561338764
2024-01-10,21.599751482072556,35.147358508801894
2024-01-11,21.39770432254169,35.16292311433788
2024-01-12,21.575734020615926,35.133942902979804
2024-01-13,21.42187678864774,35.23031633427419
2024-01-14,21.47760316375096,35.239891726309445
2024-01-15,21.74414491006265,35.23405523731932
2024-01-16,21.546435249455076,35.22242976696616
2024-01-17,21.600008491704813,35.329105346350744
2024-01-18,21.67803369231115,35.37589099374016
2024-01-19,21.65335682289497,35.28539321194925
2024-01-20,21.631592239467498,35.29541358833967
2024-01-21,21.6658081640552,35.36703296552383
2024-01-22,21.882415337187837,35.34102176132173
2024-01-23,21.649073613816086,35.36840401833175
2024-01-24,21.687707113046375,35.42880718400697
2024-01-25,21.78542436283107,35.312807370101204
2024-01-26,21.80367323138154,35.490640938775044
2024-01-27,21.824585383497215,35.4448104968047
2024-01-28,21.78251708999953,35.43705246141596
2024-01-29,21.617105291378998,35.469616058988834
2024-01-30,21.90751065073759,35.488649882506756
2024-01-31,21.642294673061045,35.420418997639324
2024-02-01,21.799954473742254,35.59817662224007
2024-02-02,21.707025057071842,35.54194664053676
2024-02-03,21.788800522269916,35.57848111350143
2024-02-04,21.840852312814995,35.6203591435636
2024-02-05,21.85287350818511,35.53817418021271
2024-02-06,21.875691576919046,35.62935654609832
2024-02-07,22.007632343256812,35.60875154465745
2024-02-08,21.90437636135778,35.680922786019046
2024-02-09,21.84736898253275,35.54867352429648
2024-02-10,21.980955077746085,35.66653082835783
2024-02-11,22.01625512466515,35.657795158636524
2024-02-12,21.78730900911442,35.72599998701327
2024-02-13,21.982571512468535,35.7443396969058
2024-02-14,22.005710494570078,35.70190684085212
2024-02-15,21.91859858485842,35.718130090440255
2024-02-16,22.098687331381015,35.76465616327702
2024-02-17,21.958872806202034,35.74180796839496
2024-02-18,21.999197725107873,35.845189912589156
2024-02-19,21.98209461218777,35.80108101585001
2024-02-20,22.01372141422973,35.69064261296213
2024-02-21,21.9152977156375,35.83370156915296
2024-02-22,21.893681850923024,35.816966128997684
2024-02-23,22.209899160360383,35.803780177322665
2024-02-24,21.97851423406149,35.83992328424042
2024-02-25,21.976832848803124,35.923715687799024
2024-02-26,21.873394787243818,36.00112795367562
2024-02-27,22.037599338690676,35.966805784012294
2024-02-28,21.981948248974305,35.93727203896409
2024-02-29,22.291220459184128,36.00684306618924
2024-03-01,22.240762366960187,35.9775439889756
2024-03-02,22.083727338363584,35.98221913408422
2024-03-03,22.390547668271225,35.97568166718656
2024-03-04,22.276242351291383,35.96225900831646
2024-03-05,22.158344379096796,36.0468049113819
2024-03-06,21.953648660815734,36.09065441926171
2024-03-07,22.4454452044176,36.0943712093208
2024-03-08,22.090155415337602,36.09485469448
2024-03-09,22.077334502173706,36.08481638589836
2024-03-10,22.35689313492579,36.178966646573286
2024-03-11,22.51137304721419,36.099148389047535
2024-03-12,22.418586803286743,36.22025702879287
2024-03-13,22.349312148296363,36.147795430210195
2024-03-14,22.36515838531309,36.17673516734471
2024-03-15,22.403786221880026,36.15746831773741
2024-03-16,22.407099239836107,36.22218811797975
2024-03-17,22.372087238109803,36.312474496303764
2024-03-18,22.367149920963485,36.30594092585789
2024-03-19,22.36323221263378,36.34553127509293
2024-03-20,22.306856781392494,36.33916794484406
2024-03-21,22.36694744744792,36.27432797417667
2024-03-22,22.238480988570494,36.32942265244265
2024-03-23,22.41070442216599,36.323402805258986
2024-03-24,22.334440988985808,36.44539215497264
2024-03-25,22.335702882834752,36.335474625505206
2024-03-26,22.476812944527115,36.45644959035181
2024-03-27,22.61078547290166,36.472863047443624
2024-03-28,22.576178619722864,36.53614701207983
2024-03-29,22.340058613615753,36.44063232041838
2024-03-30,22.410907575176466,36.51318340608469
2024-03-31,22.616709222487756,36.60810053798846
2024-04-01,22.43714507919054,36.479586510370666
2024-04-02,22.5256922184001,36.450167229896564
2024-04-03,22.61592245815769,36.44936938863363
2024-04-04,22.476844517624308,36.59545613982792
2024-04-05,22.5969782285807,36.48211367603775
2024-04-06,22.46579984332972,36.57410588184962
2024-04-07,22.551827343281847,36.63103814190429
2024-04-08,22.65670401594666,36.634881907449675
2024-04-09,22.47818816403467,36.663346021873224
2024-04-10,22.694296726039312,36.669638919509886
2024-04-11,22.661047187206037,36.73891836544134
2024-04-12,22.731021677395855,36.64380990379457
2024-04-13,22.71092581021604,36.674026613964415
2024-04-14,22.837710154662393,36.68569404667963
2024-04-15,22.726580276785228,36.78228725759214
2024-04-16,22.68387898726335,36.80224824447458
2024-04-17,22.751811006534535,36.796240229076595
2024-04-18,22.80667277399038,36.849304294511
2024-04-19,22.769990692974748,36.74767821585351
2024-04-20,22.781925569917995,36.90639211285573
2024-04-21,22.720428946872367,36.91564348641962
2024-04-22,22.73709973875338,36.892713303252116
2024-04-23,22.67589101818394,36.961472796884216
2024-04-24,23.00387093453804,36.80600233911761
2024-04-25,22.71728865153565,36.87906174074419
2024-04-26,22.785146170150618,36.884969622579064
2024-04-27,22.795357678228726,36.97425940985686
2024-04-28,22.96945255733552,36.90212905474471
2024-04-29,22.86322686666731,37.00896149724753
2024-04-30,23.030257756619317,37.056064195036335
2024-05-01,22.85089620178299,37.03874818089652
2024-05-02,22.958906395285194,37.034626235131235
2024-05-03,22.86023398859227,36.987495664958956
2024-05-04,23.17104532155102,37.01099743175355
2024-05-05,22.850532281726164,37.132271573380486
2024-05-06,23.01303590950725,37.12520872636676
2024-05-07,23.05819324143319,37.10074094825844
2024-05-08,23.048957177940565,37.09824709499486
2024-05-09,23.00181021716308,37.034302826683415
2024-05-10,23.02011862793294,37.09850124746059
2024-05-11,23.050243559959625,37.26406547080764
2024-05-12,23.0439239274543,37.120922385956355
2024-05-13,23.167773754152073,37.21086980362337
2024-05-14,23.305199857487153,37.268218659277906
2024-05-15,23.04116009368267,37.17155097527387
2024-05-16,22.972690689080977,37.25998328046886
2024-05-17,23.113604497059193,37.314094181661176
2024-05-18,23.393165350515186,37.28427401893684
2024-05-19,23.06758867480821,37.44351985368064
2024-05-20,23.324629527005026,37.23312038600923
2024-05-21,23.341249642723696,37.385937423503165
2024-05-22,23.130882452000687,37.34081155819498
2024-05-23,23.25590129894545,37.40449830086247
2024-05-24,23.374604368195207,37.404418298761435
2024-05-25,23.18661364663904,37.3621457793768
2024-05-26,23.216930099582985,37.426704056911106
2024-05-27,23.19188175905379,37.33880981277405
2024-05-28,23.161335892234803,37.478317908428366
2024-05-29,23.21064552565292,37.47951410475516
2024-05-30,23.16594096833873,37.51298983794362
2024-05-31,23.304505056696314,37.55041339382166
2024-06-01,23.236861101619958,37.53233911763362
2024-06-02,23.349998730760333,37.537813244668875
2024-06-03,23.183792289816328,37.50280600490173
2024-06-04,23.38523159251357,37.52769903160818
2024-06-05,23.448258180308454,37.63909744885533
2024-06-06,23.178293434745843,37.668028136187594
2024-06-07,23.427834370843183,37.60075649214253
2024-06-08,23.52595732796119,37.631412799376626
2024-06-09,23.294988041700172,37.600332591320104
2024-06-10,23.5959710971085,37.720651800389
2024-06-11,23.483377474216763,37.711735447366046
2024-06-12,23.383736102559755,37.791976126060476
2024-06-13,23.46142209522526,37.66744974843414
2024-06-14,23.53559340909863,37.70891615539804
2024-06-15,23.500122971843137,37.75583949453107
2024-06-16,23.55915974680197,37.79304232334691
2024-06-17,23.425978503104826,37.76638511263907
2024-06-18,23.547743659671806,37.7499710880496
2024-06-19,23.40219784243313,37.8541401670743
2024-06-20,23.545208400844196,37.86257720681123
2024-06-21,23.47870195768802,37.79715738171159
2024-06-22,23.508301442430955,37.92719387485089
2024-06-23,23.71822546906641,37.93438231831128
2024-06-24,23.716508878460225,37.89903785576967
2024-06-25,23.68105339334695,37.91275357208192
2024-06-26,23.52367001964441,37.95292721557474
2024-06-27,23.614022165997618,37.89858982156196
2024-06-28,23.779734495820453,37.959627197088814
2024-06-29,23.685358132041962,37.86695709395598
2024-06-30,23.91588110953157,38.03484970151742
2024-07-01,23.736041654328275,37.929402906176016
2024-07-02,23.728676496893268,38.09909920677539
2024-07-03,23.691321653679452,38.02387285871145
2024-07-04,23.748349105433366,38.04624616236905
2024-07-05,23.732509746172514,38.04189346421721
2024-07-06,23.831329312334862,38.07532886388116
2024-07-07,23.868950391200894,38.17710802289051
2024-07-08,23.707442928326074,37.998241670862186
2024-07-09,23.66568029387653,38.202931021049174
2024-07-10,23.627944766777407,38.17243457385569
2024-07-11,23.875126151634426,38.11163296546357
2024-07-12,23.72675207318122,38.134669076259804
2024-07-13,23.63456138935879,38.28870499532851
2024-07-14,23.90147002396257,38.174060648026796
2024-07-15,24.124673830108183,38.18011911454996
2024-07-16,23.887528502066353,38.311103015253835
2024-07-17,23.984746385520943,38.28761558000572
2024-07-18,23.92184195878596,38.24024230542044
2024-07-19,23.91653177246753,38.31442048107333
2024-07-20,24.031090100940848,38.26875224617691
2024-07-21,23.922916713078642,38.39153159833589
2024-07-22,23.991445113760136,38.40600972471425
2024-07-23,24.009637377827975,38.39599213446751
2024-07-24,23.923420266699505,38.4039255256446
2024-07-25,24.1021952618729,38.49035252688146
2024-07-26,23.998256766105136,38.41872808506333
2024-07-27,23.952939940680828,38.37610071047871
2024-07-28,24.094927155842583,38.474118760447205
2024-07-29,23.964191088161876,38.57239806533827
2024-07-30,24.069617716933326,38.43380838625796
2024-07-31,24.078649416387425,38.48292387063839
2024-08-01,24.20091258749044,38.53826995893398
2024-08-02,24.15255456905071,38.53120306263446
2024-08-03,24.11534376474363,38.50123377412172
2024-08-04,24.21238480539361,38.62289249400793
2024-08-05,24.282390645230745,38.69925228535311
2024-08-06,24.211912635819633,38.60950747025928
2024-08-07,24.169928582024223,38.570948130877106
2024-08-08,24.050471411660297,38.55515416716707
2024-08-09,24.087905383443214,38.661951640536635
2024-08-10,24.176655994170712,38.720697356697215
2024-08-11,24.15898895924569,38.70571252491201
2024-08-12,24.214004764018508,38.69828459359713
2024-08-13,24.25112860166219,38.685391851109436
2024-08-14,24.31119459946359,38.67669790011883
2024-08-15,24.263937161077447,38.78949429612681
2024-08-16,24.332398918121406,38.80989595893568
2024-08-17,24.302957910075232,38.703371536587696
2024-08-18,24.11172552681426,38.8766006228871
2024-08-19,24.22810035892321,38.8422628830786
2024-08-20,24.32038685758836,38.89998970234702
2024-08-21,24.226587853731843,38.77935423072131
2024-08-22,24.42031191587101,38.794620058430624
2024-08-23,24.526155840961188,38.871913448768865
2024-08-24,24.507718657751987,38.92095178365782
2024-08-25,24.37725990034467,39.00208125151524
2024-08-26,24.560438515978117,38.964017804115485
2024-08-27,24.43899436286877,38.93303044263996
2024-08-28,24.40318073489219,38.9102966941531
2024-08-29,24.38831078050533,39.03956583122818
2024-08-30,24.432165793066044,38.94628117936052
2024-08-31,24.436356794716165,39.0923905264425
2024-09-01,24.504977813663274,39.013198514279395
2024-09-02,24.516755304386148,39.123397498446444
2024-09-03,24.51376422315193,39.094265607374346
2024-09-04,24.56991515296666,39.0699199164551
2024-09-05,24.65804767832609,39.067250520391745
2024-09-06,24.646700179247023,39.092625593171576
2024-09-07,24.416016683713337,39.147537469713484
2024-09-08,24.321876081923563,39.146430107961436
2024-09-09,24.683461901393123,39.12933236080294
2024-09-10,24.46610375528309,39.16719200874633
2024-09-11,24.593076799790794,39.19585307880401
2024-09-12,24.511303752229562,39.101938170653135
2024-09-13,24.460878725932925,39.24773392916915
2024-09-14,24.70798475736684,39.19229011024971
2024-09-15,24.742515715432063,39.200060199381085
2024-09-16,24.621710874184558,39.18981025024168
2024-09-17,24.433019399898175,39.200933490759645
2024-09-18,24.650260899142847,39.23930638855326
2024-09-19,24.756827459363784,39.28807836388319
2024-09-20,24.582517616801553,39.43764301669687
2024-09-21,24.761506480512313,39.33013672408161
2024-09-22,24.754401218472534,39.38176886124561
2024-09-23,24.82662306820538,39.409356073313354
2024-09-24,24.793413669942115,39.41233591135466
2024-09-25,24.69691045386798,39.418361127063406
2024-09-26,24.926636212978014,39.378919259975575
2024-09-27,24.803887820364302,39.52768097362533
2024-09-28,24.829772038571445,39.5619450764491
2024-09-29,24.751937411470546,39.4039029576169
2024-09-30,24.81369769711415,39.45328511083454
2024-10-01,24.782307365686048,39.50694667131585
2024-10-02,24.866254745951824,39.489160946745024
2024-10-03,25.06748191481384,39.57913676221916
2024-10-04,24.771882667361897,39.53387552248187
2024-10-05,24.760478356722796,39.69499258404836
2024-10-06,25.081713244115267,39.66271785843104
2024-10-07,24.92642555850615,39.630269778301304
2024-10-08,24.893212367210783,39.68744103799151
2024-10-09,25.07687182467181,39.70783739409922
2024-10-10,24.92508151681395,39.64079564653428
2024-10-11,25.18100575699777,39.64463280676593
2024-10-12,25.07895908763243,39.705801470197336
2024-10-13,24.97513707453937,39.76142677132959
2024-10-14,25.252420751535926,39.741748633093195
2024-10-15,24.988880152764473,39.672396437106805
2024-10-16,25.136422897121175,39.72755568707465
2024-10-17,25.10490433281632,39.780448914148295
2024-10-18,25.21791091857099,39.79681492516756
2024-10-19,25.25664962415923,39.915675962279174
2024-10-20,25.11646063424855,39.76420010437556
2024-10-21,25.050680147162794,39.87522961164314
2024-10-22,25.184780863346752,39.9408564530236
2024-10-23,25.083773826933065,39.99642393293415
2024-10-24,25.365645803516376,39.879082222559646
2024-10-25,25.190722326727418,39.940324214410694
2024-10-26,25.153298353343367,39.96069140769044
2024-10-27,25.221060253916505,39.95842812446401
2024-10-28,25.080641309232476,39.96016242588021
2024-10-29,25.130954249189816,40.00335410347301
2024-10-30,25.36091875869075,39.87139367779285
2024-10-31,25.187949654854606,40.04856010461281
2024-11-01,25.16170969933899,40.0372161733486
2024-11-02,25.332827787715342,40.036234181382426
2024-11-03,25.41049464278435,40.16615168406315
2024-11-04,25.376581273239985,40.04651252139347
2024-11-05,25.417052425609498,40.07655607093558
2024-11-06,25.254529863027404,40.21273818355491
2024-11-07,25.200790020065597,40.088008101258005
2024-11-08,25.505866166790764,40.11855605040951
2024-11-09,25.33622653256644,40.15516119144062
2024-11-10,25.356172929660577,40.220999834774474
2024-11-11,25.526837360346423,40.205803884091495
2024-11-12,25.462402661957015,40.14723313942205
2024-11-13,25.465130153080544,40.20170662667913
2024-11-14,25.64880332521793,40.21439798123072
2024-11-15,25.380712982545237,40.25735529868601
2024-11-16,25.55061053324681,40.29895918193448
2024-11-17,25.476289547783825,40.31502793485323
2024-11-18,25.51020917803588,40.22176770741223
2024-11-19,25.648958507646242,40.38021599254853
2024-11-20,25.55965695548938,40.35609803352615
2024-11-21,25.575464702620817,40.42914684166185
2024-11-22,25.64164754330227,40.398580803702515
2024-11-23,25.510663251472433,40.44788768328061
2024-11-24,25.475999272548258,40.432599449022156
2024-11-25,25.468201034735483,40.49303411931562
2024-11-26,25.38880801005542,40.46828601136221
2024-11-27,25.803826096842492,40.45372836529501
2024-11-28,25.50064626213172,40.588696511695325
2024-11-29,25.60160345120075,40.53597727984281
2024-11-30,25.60880919842587,40.53666329283487
2024-12-01,25.6799929130511,40.46061149901356
2024-12-02,25.743587679379555,40.476461987023136
2024-12-03,25.760823021817032,40.571963790059236
2024-12-04,25.6292296439796,40.581054723896386
2024-12-05,25.683586931313286,40.5595231838134
2024-12-06,25.741318812596187,40.61372909510025
2024-12-07,25.70095341978444,40.702561954577654
2024-12-08,25.899318804860222,40.67435137995882
2024-12-09,25.800443457277485,40.5989814787995
2024-12-10,25.83759545557408,40.666907110985825
2024-12-11,25.843157518691267,40.64868487635618
2024-12-12,25.906978492428497,40.68599885263421
2024-12-13,25.82049497740577,40.70115371322898
2024-12-14,25.685471341595242,40.71440286543611
2024-12-15,25.867885046421527,40.69197902402347
2024-12-16,25.77554227672251,40.76480370660206
2024-12-17,25.800578012782154,40.75960670689144
2024-12-18,25.924837797688078,40.65761530228952
2024-12-19,26.00279141781136,40.92318698607055
2024-12-20,25.893851983197038,40.891427515612136
2024-12-21,25.93536984163876,40.83462464471088
2024-12-22,26.08746974969782,40.87083128149999
2024-12-23,25.95408528803859,40.82775825970292
2024-12-24,26.202939996363202,40.98757776901517
2024-12-25,26.012084364363755,41.01410670791911
2024-12-26,25.792218838740457,40.94352760764862
2024-12-27,26.05639099162192,41.003320101501394
2024-12-28,26.03193438285518,40.977358556294654
2024-12-29,26.13555553463061,40.918208593459994
2024-12-30,26.086660109204765,40.98090434501144
2024-12-31,26.01825809053483,41.024542559854055
2025-01-01,25.922435580159696,41.01166942363412
2025-01-02,26.036724792915468,41.03991479375537
2025-01-03,25.98533678807857,41.062728127807496
2025-01-04,26.025098203374466,41.079704828845514
2025-01-05,26.154770103652435,41.102812326319494
2025-01-06,26.275664428500942,41.06361979653062
2025-01-07,26.160902845903536,41.09724989044989
2025-01-08,26.014609101573157,41.08532213267712
2025-01-09,26.19141938945412,41.21489277150226
2025-01-10,26.279383986152105,41.07717029498177
2025-01-11,26.111504261911033,41.25658280729546
2025-01-12,26.171842550531114,41.28467140804859
2025-01-13,26.199474801526762,41.21669555689215
2025-01-14,26.132277865601047,41.118098379905746
2025-01-15,26.288357455149093,41.24664035425458
2025-01-16,26.22419631175936,41.27794732234434
2025-01-17,26.29100608586628,41.247077267468164
2025-01-18,26.1730653385508,41.28829690683003
2025-01-19,26.230830441154097,41.40701823451944
2025-01-20,26.359576121824652,41.380205480747186
2025-01-21,26.262816385688136,41.31718156496903
2025-01-22,26.485557800876084,41.299980460264
2025-01-23,26.285659512046717,41.37996020091911
2025-01-24,26.360853318038796,41.40208887588791
2025-01-25,26.444405643506354,41.454022322279435
2025-01-26,26.222071701881177,41.418897175338714
2025-01-27,26.20058910883183,41.487688637791024
2025-01-28,26.236866073428338,41.57532200908178
2025-01-29,26.5284518300835,41.5357900062568
2025-01-30,26.35976932000697,41.509061177823895
2025-01-31,26.683536778018475,41.5187587276936
2025-02-01,26.38405380444134,41.526533242593096
2025-02-02,26.47169540948222,41.619849592980536
2025-02-03,26.620212989274737,41.5459025231162
2025-02-04,26.679372997689292,41.59597997891959
2025-02-05,26.697675781392455,41.61272938661948
2025-02-06,26.62512376164356,41.60153092994069
2025-02-07,26.61945510602083,41.574447510242884
2025-02-08,26.589063263215237,41.67567016087381
2025-02-09,26.620408390767214,41.67292188515599
2025-02-10,26.50021542637313,41.717434755276415
2025-02-11,26.48627582451919,41.68219336453846
2025-02-12,26.580519981975755,41.786365092856904
2025-02-13,26.576600680319793,41.69793598691149
2025-02-14,26.56105805249499,41.84382733822881
2025-02-15,26.688781317028823,41.687294146592336
2025-02-16,26.72743480799564,41.81286512336742
2025-02-17,26.653506690623203,41.83134880232175
2025-02-18,26.80518072495498,41.784250062854206
2025-02-19,26.556020520291533,41.861698261200125
2025-02-20,26.663585200632347,41.920905145850924
2025-02-21,26.624030629355477,41.76253891845104
2025-02-22,26.52182091456388,41.914967748849115
2025-02-23,26.712968222542354,41.78161761551391
2025-02-24,26.72182325514373,41.87444856441008
2025-02-25,26.898104695161702,42.02064077088712
2025-02-26,26.822602604148404,41.926543999028304
2025-02-27,26.669864468115435,41.91338975053329
2025-02-28,26.97045412203721,41.978637510360336
2025-03-01,26.91990994981176,42.108380361773584
2025-03-02,26.868778065461516,41.929851580560936
2025-03-03,26.80068160008511,41.9853208453951
2025-03-04,26.740147801153174,42.12920857319189
2025-03-05,26.811632762073852,42.16367275426562
2025-03-06,26.97049001650681,42.08206672393005
2025-03-07,27.062835499985287,42.04173629807407
2025-03-08,27.041462937074478,42.22493175634669
2025-03-09,26.85101535692407,42.21631234889952
2025-03-10,26.800700270629225,42.186988226756014
2025-03-11,26.939512353504682,42.12887140797686
2025-03-12,26.761341507112707,42.18349070643766
2025-03-13,26.983263929942908,42.19437481748316
2025-03-14,26.948948614749998,42.23538603482201
2025-03-15,26.92986693804847,42.30784418955363
2025-03-16,26.829761996364052,42.29571561775977
2025-03-17,27.05335402860313,42.214326609909484
2025-03-18,26.961485648835406,42.353470884315534
2025-03-19,26.910525764086003,42.31675331687105
2025-03-20,26.753052941184297,42.35190064771917
2025-03-21,27.050289386862836,42.407325048945985
2025-03-22,27.24302775189031,42.294869641562215
2025-03-23,27.24469022853355,42.3651080231584
2025-03-24,27.045616396275573,42.35677722258159
2025-03-25,27.04386653075345,42.321407626937116
2025-03-26,27.163726877252568,42.43358674514146
2025-03-27,27.029772622581675,42.55827972189627
2025-03-28,27.17255207133788,42.3571486551476
2025-03-29,27.231742624049836,42.46398915987624
2025-03-30,27.290589633455237,42.51408098523829
2025-03-31,27.17064261827424,42.50465839662319
2025-04-01,27.173052365759975,42.509298731970425
2025-04-02,27.118383196957446,42.466444964479756
2025-04-03,27.13625513508455,42.55949576785489
2025-04-04,27.20905699615382,42.52646887991291
2025-04-05,27.28120315088102,42.471261641570614
2025-04-06,27.348586777678165,42.65693798590107
2025-04-07,27.189672134842233,42.661578313923314
2025-04-08,27.432020601661655,42.63269271982959
2025-04-09,27.268401099516883,42.658014053453165
2025-04-10,27.306138445041725,42.71672686773449
2025-04-11,27.246315721417226,42.69067859799344
2025-04-12,27.09137457816015,42.74111314094844
2025-04-13,27.434964858678978,42.69748880122251
2025-04-14,27.43300642360755,42.794412746250735
2025-04-15,27.34395099304192,42.761303493674504
2025-04-16,27.39154453533166,42.771417452613996
2025-04-17,27.449201100235022,42.71466244905393
2025-04-18,27.254114307631387,42.808963944260455
2025-04-19,27.370225340440847,42.769469053726475
2025-04-20,27.51531879099309,42.7956033113306
2025-04-21,27.323225095569416,42.80319931429706
2025-04-22,27.49077154595844,42.807106997173726
2025-04-23,27.33851928713487,42.98310796197538
2025-04-24,27.533582180695998,42.95988699297978
2025-04-25,27.49613674907833,43.0057890630434
2025-04-26,27.35094943057296,42.86507658501425
2025-04-27,27.641698262464665,42.94623467154341
2025-04-28,27.464526884194573,42.894447250843484
2025-04-29,27.469722513028373,42.94078853629967
2025-04-30,27.58356639130834,42.94611757904453
2025-05-01,27.69113492138355,43.07045377659326
2025-05-02,27.487450719398275,43.00511374042193
2025-05-03,27.60796260113634,43.09479483906756
2025-05-04,27.657437981040037,43.08803256491811
2025-05-05,27.69662860658873,43.18945910609976
2025-05-06,27.65772391624557,43.01675560539337
2025-05-07,27.61613869166495,43.17014012659552
2025-05-08,27.582844168363845,43.180951156182054
2025-05-09,27.686979293588784,43.0914108188165
2025-05-10,27.583912718941026,43.206887075597336
2025-05-11,27.411753286645553,43.18978830498082
2025-05-12,27.760306030266218,43.17805789188768
2025-05-13,27.819805248814507,43.164685578592575
2025-05-14,27.505880236007133,43.18637752842455
2025-05-15,27.65396212394576,43.34127425384214
2025-05-16,27.82961233537271,43.25526843805655
2025-05-17,27.986208171098788,43.31079144524108
2025-05-18,27.795299709750594,43.24859062413696
2025-05-19,27.73318175971557,43.265593593965086
2025-05-20,27.800454124583435,43.375136129794505
2025-05-21,27.968993125464177,43.27000872681026
2025-05-22,27.77967078049233,43.3331774970484
2025-05-23,27.7771097125952,43.372090204053116
2025-05-24,27.821516275897448,43.392408111647335
2025-05-25,27.78721948214522,43.394335465360356
2025-05-26,27.907581089426003,43.4395317667218
2025-05-27,28.07054361852891,43.470834213513726
2025-05-28,27.953145414848994,43.489373951051626
2025-05-29,27.908363852180198,43.41980253140111
2025-05-30,27.917179790356702,43.47133561499389
2025-05-31,27.802803551234028,43.561732161040005
2025-06-01,28.06019532467384,43.56317702538069
2025-06-02,27.97686234211328,43.466252341483774
2025-06-03,27.979359785310933,43.568919957131264
2025-06-04,28.32948024830991,43.468885347700756
2025-06-05,28.05280649721743,43.586594003328344
2025-06-06,27.960513816226772,43.69558625711846
2025-06-07,28.00581887647117,43.569753918473545
2025-06-08,28.17606092186684,43.59188305011824
2025-06-09,28.085305106856367,43.6882513395273
2025-06-10,27.942911982826292,43.58936042274401
2025-06-11,28.191424388970987,43.65131339506607
2025-06-12,28.045448801814995,43.72922385149524
2025-06-13,28.312354702846086,43.68413815028752
2025-06-14,28.245791446651225,43.720504591367266
2025-06-15,28.105816165369323,43.7859630242994
2025-06-16,28.291411705964144,43.78628169101631
2025-06-17,28.182857335698802,43.79499595471009
2025-06-18,28.27411086701372,43.781149568987644
2025-06-19,28.250068496086374,43.83305938677043
2025-06-20,28.12972126371328,43.82482034505782
2025-06-21,28.162763660836056,43.870347907614935
2025-06-22,28.342876440681348,43.83906167391858
2025-06-23,28.219164540568013,43.871230474511336
2025-06-24,28.225038942309904,43.84731168165854
2025-06-25,28.182653245554597,43.91150983884167
2025-06-26,28.333287124904317,43.88916082421637
2025-06-27,28.509941425124712,43.89045919294554
2025-06-28,28.209697356630407,43.97554522090225
2025-06-29,28.331634308578547,43.98969980035819
2025-06-30,28.483196133308244,44.034657146368566
2025-07-01,28.346771653497566,43.99040782919822
2025-07-02,28.41273468710254,44.04881739807464
2025-07-03,28.274019869518316,44.072405282402315
2025-07-04,28.435851646909203,44.08355474223605
2025-07-05,28.387068225543413,44.036484015760195
2025-07-06,28.51711736646729,44.101685522069694
2025-07-07,28.550044686911217,44.1288750108147
2025-07-08,28.70302416081203,44.127477567413194
2025-07-09,28.514792828786963,44.03924540920507
2025-07-10,28.50217085797925,44.16804442137814
2025-07-11,28.501791371334207,44.28709714020516
2025-07-12,28.45979802675084,44.17491927285328
2025-07-13,28.541724755233506,44.172968029454196
2025-07-14,28.49109794472887,44.244489960388364
2025-07-15,28.55024589822517,44.257892090981954
2025-07-16,28.677921269014437,44.31836058678528
2025-07-17,28.458268973781113,44.21228106877485
2025-07-18,28.68567280127741,44.32819413725487
2025-07-19,28.716158166753928,44.33759687574453
2025-07-20,28.58540152217627,44.31741909389076
2025-07-21,28.397784599829947,44.357911434689704
2025-07-22,28.5619496058768,44.40890059092938
2025-07-23,28.765192974097786,44.41749413390671
2025-07-24,28.64596842806722,44.33317804735743
2025-07-25,28.561086725923055,44.44778757035473
2025-07-26,28.623301171885153,44.419995878821155
2025-07-27,28.770602381513868,44.44332466202939
2025-07-28,28.753975450538988,44.459791454734535
2025-07-29,28.688170598657308,44.465070103800365
2025-07-30,28.688143082248246,44.548618276151466
2025-07-31,28.69841142338076,44.50129765135949
2025-08-01,28.65810793469073,44.465956890988615
2025-08-02,28.92464823694296,44.51870835266512
2025-08-03,28.743640335930312,44.563770229359974
2025-08-04,28.91034994978943,44.63274688079012
2025-08-05,28.953527417754557,44.61789152387855
2025-08-06,28.913988617232544,44.56166067374959
2025-08-07,28.78375721100138,44.744897581576716
2025-08-08,28.880053966162276,44.650327499347505
2025-08-09,28.85002311134496,44.71730891875439
2025-08-10,28.774834200766474,44.6624043082314
2025-08-11,28.910402029867075,44.713108640201376
2025-08-12,28.772823837434373,44.74486475124786
2025-08-13,29.022257470251937,44.78025170966548
2025-08-14,28.86978951653138,44.78866103740251
2025-08-15,28.94912892670394,44.79585312019309
2025-08-16,28.970103463126698,44.75293958168556
2025-08-17,28.928645893457112,44.756557264203295
2025-08-18,29.025967485830478,44.81822558987314
2025-08-19,28.932569454876134,44.864702266029816
2025-08-20,29.07995126513955,44.823360475429766
2025-08-21,28.870985282224577,44.90420575681015
2025-08-22,29.03098292305933,44.94002864385457
2025-08-23,29.224999579865955,44.83803240868242
2025-08-24,28.943835262354998,44.85845306750211
2025-08-25,28.988855612618504,44.90973099780249
2025-08-26,29.120782609492313,44.94858103221305
2025-08-27,29.100111717575817,44.92342269617107
2025-08-28,29.12997826416465,45.03371182885861
2025-08-29,29.15659568210749,45.003755686047015
2025-08-30,29.183910830804336,45.00097534343896
2025-08-31,29.24417038299921,44.94365816288932
2025-09-01,29.186943979351877,44.96611349631721
2025-09-02,29.134598063052607,45.06240539770851
2025-09-03,29.238742913490164,44.95817580194251
2025-09-04,29.37423545171485,45.13188810178829
2025-09-05,29.183745598442506,45.0897991871433
2025-09-06,29.11231775746913,45.27631217589748
2025-09-07,29.333240469720327,45.24600398800439
2025-09-08,29.2232560012517,45.13798637006704
2025-09-09,29.03078887790109,45.158192621458674
2025-09-10,29.345559715072973,45.22973919534118
2025-09-11,29.220046443617967,45.281569398192815
2025-09-12,29.27728764883838,45.13095996288094
2025-09-13,29.332300724981135,45.13999329054084
2025-09-14,29.33091437475757,45.21466097158669
2025-09-15,29.395571303349,45.29135023907893
2025-09-16,29.293839199433545,45.30350768750146
2025-09-17,29.401460131163574,45.3486032287811
2025-09-18,29.33695659844301,45.251580427669474
2025-09-19,29.44955402914558,45.21220875899513
2025-09-20,29.449971444313572,45.38736730996451
2025-09-21,29.307652540563236,45.31950743460697
2025-09-22,29.522556337240637,45.27644350309164
2025-09-23,29.373123495967164,45.40107173166487
2025-09-24,29.520287335162113,45.44992797683366
2025-09-25,29.488972001529568,45.420616983872506
2025-09-26,29.648823352724385,45.420278069225276
2025-09-27,29.455420101663115,45.45165302498293
2025-09-28,29.455596735143917,45.45754264652603
2025-09-29,29.501348169022393,45.425120077104886
2025-09-30,29.485733866183175,45.473239046908205
2025-10-01,29.608807749516245,45.55148772406425
2025-10-02,29.37994421333381,45.55795830393822
2025-10-03,29.44896874711827,45.56672801522357
2025-10-04,29.460318411730416,45.525018248888394
2025-10-05,29.674891177941127,45.58215116293011
2025-10-06,29.763683470857398,45.49882371677058
2025-10-07,29.59493892660089,45.633051450342826
2025-10-08,29.601263390991072,45.71202115059507
2025-10-09,29.637912494476826,45.58332230665811
2025-10-10,29.75985682328176,45.64418317765017
2025-10-11,29.563695394457316,45.706385548307395
2025-10-12,29.693029321005284,45.76902298914909
2025-10-13,29.779473900565485,45.700420274668545
2025-10-14,29.74482526943666,45.70466963707609
2025-10-15,29.72643572895798,45.65728664447441
2025-10-16,29.820343891410257,45.77735535611646
2025-10-17,29.46267776770905,45.89073789971407
2025-10-18,29.8135502438175,45.818952668860945
2025-10-19,29.6931168584071,45.82042144485936
2025-10-20,29.58822285188963,45.85409015741273
2025-10-21,29.83516811638321,45.85388208973278
2025-10-22,29.934175425802444,45.83023661937304
2025-10-23,29.79582643467881,45.92850198182576
2025-10-24,29.917620455717305,45.915076710253295
2025-10-25,29.996322541651306,45.92111994475023
2025-10-26,29.97934787606628,45.887921628845454
2025-10-27,30.024614598500452,46.01831597486194
2025-10-28,29.947592609525934,46.0028263635877
2025-10-29,29.89368493916434,45.9583958325085
2025-10-30,29.738706708939894,46.0525837651168
2025-10-31,29.887058756172053,45.994064628569284
2025-11-01,29.840102060308862,45.99629364391881
2025-11-02,30.154282706445695,46.01385931072619
2025-11-03,29.932361568308114,45.979741687001635
2025-11-04,29.975032345085232,46.108322881732775
2025-11-05,30.03062211686626,46.00963916685078
2025-11-06,29.992595538754895,46.05622486726025
2025-11-07,30.170502113016155,46.030318306425436
2025-11-08,29.95149378765507,46.146244870295654
2025-11-09,30.045981184207676,46.15948297997744
2025-11-10,29.965035094969576,46.16711484038754
2025-11-11,29.920041617272748,46.14777141436917
2025-11-12,30.003628674159728,46.157739259486696
2025-11-13,30.073863618400843,46.256020088391686
2025-11-14,30.047398790509394,46.22172464668477
2025-11-15,30.033848629829166,46.281520807402835
2025-11-16,29.975220696304802,46.23789110507564
2025-11-17,30.120303600264553,46.30765732457624
2025-11-18,29.99090383497975,46.38021873735932
2025-11-19,30.23014318360725,46.36081377356899
2025-11-20,30.175143277387168,46.32733544069436
2025-11-21,30.033905867002662,46.37726672817881
2025-11-22,30.161501824099606,46.368824168990336
2025-11-23,30.129968806100962,46.397702085007424
2025-11-24,30.249863612557373,46.39747817122109
2025-11-25,30.364752920973206,46.42199261159008
2025-11-26,30.055952344261748,46.45726468759389
2025-11-27,30.2677339139965,46.413442733016915
2025-11-28,30.252979741380525,46.428767374702346
2025-11-29,30.34888874343767,46.42658483641612
2025-11-30,30.31583611347183,46.432449056938324
2025-12-01,30.23208123232961,46.46804912560832
2025-12-02,30.288134486792266,46.553337033615385
2025-12-03,30.253199009534008,46.517175180556414
2025-12-04,30.453164023929652,46.603945927598396
2025-12-05,30.360456189792423,46.596451539880306
2025-12-06,30.561205808355957,46.5127412898266
2025-12-07,30.377782373254632,46.66036592776542
2025-12-08,30.325769492800486,46.68460772888976
2025-12-09,30.258000445085678,46.61082531092426
2025-12-10,30.241819631576803,46.697978669866586
2025-12-11,30.276481719757278,46.65059482890721
2025-12-12,30.47436969401441,46.71475390767092
2025-12-13,30.51129124609169,46.66309611654158
2025-12-14,30.315061388420915,46.65311636231844
2025-12-15,30.575446004887176,46.74008147352035
2025-12-16,30.45039778316665,46.769486533743084
2025-12-17,30.526144904388985,46.772239644431934
2025-12-18,30.685449380871407,46.74937274925737
2025-12-19,30.62667296448785,46.80502997211777
2025-12-20,30.52289768296615,46.8549403109092
2025-12-21,30.47339324007064,46.85568156982987
2025-12-22,30.360092637334667,46.88350192092179
2025-12-23,30.516120560398793,46.85732175742495
2025-12-24,30.579684583295695,46.9658640612393
2025-12-25,30.51484136931878,46.864920146731585
2025-12-26,30.613195340180106,46.964557476469494
2025-12-27,30.646767940040643,47.01572466431899
2025-12-28,30.629358868419395,46.99712616236427
2025-12-29,30.599605923373286,46.97940519442942
2025-12-30,30.694233363507742,46.97956720150534
2025-12-31,30.734323676123445,47.07423708444663
2026-01-01,30.593851418277648,46.96773460368707
2026-01-02,30.856746278851997,47.006827784987
2026-01-03,30.71855594250438,47.05190675778723
2026-01-04,30.743061432882723,47.150117981993255
2026-01-05,30.82475962776933,47.12367432397553
2026-01-06,30.79002151342545,47.0727343023038
2026-01-07,30.87477527854586,47.1220718530159
2026-01-08,30.820935746530157,47.123321729136165
2026-01-09,30.74374130740136,47.134999084785136
2026-01-10,30.85389711224145,47.23588366038049
2026-01-11,30.71613585384421,47.134802674045304
2026-01-12,30.854126160009358,47.30027952135103
2026-01-13,30.8527089052227,47.27770261112938
2026-01-14,30.84798193341532,47.30728485820616
2026-01-15,30.868701582854115,47.24604544713054
2026-01-16,30.70613214430368,47.27814603483369
2026-01-17,30.85220627293478,47.23043612811724
2026-01-18,30.929124968678423,47.292311246545964
2026-01-19,30.94858783261948,47.359677757337295
2026-01-20,30.842596394182582,47.41624881610004
2026-01-21,31.084696407217084,47.31253847022668
2026-01-22,30.884269853164593,47.36607166227338
2026-01-23,31.080594772894152,47.393232646166844
2026-01-24,31.039130203884085,47.34745879512467
2026-01-25,30.944549751567966,47.463266365378054
2026-01-26,31.199465286668733,47.41395003475883
2026-01-27,30.91533222908756,47.456830681842945
2026-01-28,31.139373044479647,47.46045337886204
2026-01-29,31.16027757377838,47.46003457022747
2026-01-30,31.00591903592185,47.51559989429526
2026-01-31,31.22498930169138,47.52162231269673
2026-02-01,31.073499835080483,47.53026054556702
2026-02-02,31.1401355643238,47.528881006652774
2026-02-03,31.15006010012837,47.59773096933178
2026-02-04,31.123358756959625,47.680886247273065
2026-02-05,31.230632173278096,47.62165039354625
2026-02-06,31.241661932872773,47.68091259070568
2026-02-07,31.000221578349166,47.57804623175828
2026-02-08,31.318270514816234,47.67189604803647
2026-02-09,31.034349006580282,47.62559020817907
2026-02-10,31.31661454067345,47.62306302580685
2026-02-11,31.33879214877748,47.676391349866336
2026-02-12,31.12978670692863,47.7894055350158
2026-02-13,31.21056363601013,47.79376200778443
2026-02-14,31.153836312812423,47.7748621005095
2026-02-15,31.25567639148758,47.70252748446812
2026-02-16,31.259126780953313,47.78579912794905
2026-02-17,31.380657977454252,47.82714880901937
2026-02-18,31.446484513694717,47.83729126810904
2026-02-19,31.467783735017186,47.752775425511906
2026-02-20,31.28476026613579,47.81689986034078
2026-02-21,31.332816596274604,47.87466251259017
2026-02-22,31.19815667928239,47.921131594329296
2026-02-23,31.298675206710303,47.80096130585428
2026-02-24,31.488509091525106,47.91911214619111
2026-02-25,31.56634392542561,47.95082143151488
2026-02-26,31.29411247073823,48.00260024050258
2026-02-27,31.371062646866363,48.011213168344476
2026-02-28,31.440430211941198,48.02214950312887
2026-03-01,31.483848618374488,47.96947455990917
2026-03-02,31.38763386535579,47.93052212644393
2026-03-03,31.523762036649803,48.02272024350286
2026-03-04,31.446733712351737,48.1089051206722
2026-03-05,31.50543413482643,48.14494690384382
2026-03-06,31.574269501570065,48.12725228063832
2026-03-07,31.533045018606217,48.12964251471935
2026-03-08,31.501525917427905,48.143608104054394
2026-03-09,31.546965240943415,48.11327083235289
2026-03-10,31.56185164027089,48.15102440306908
2026-03-11,31.54644854805865,48.25743154209391
2026-03-12,31.57033175963559,48.14330081356883
2026-03-13,31.7688377978082,48.287618301449754
2026-03-14,31.677826740407287,48.207228602245486
2026-03-15,31.604948478665676,48.30605226348067
2026-03-16,31.716953665775105,48.18589055560688
2026-03-17,31.626637991203864,48.30197716419582
2026-03-18,31.79009411879356,48.25229409539604
2026-03-19,31.72250758911014,48.23481989065305
2026-03-20,31.68757487034534,48.332960600425636
2026-03-21,31.755838492182225,48.388958135790716
2026-03-22,31.566740899249783,48.31268812248708
2026-03-23,31.623913482421084,48.296435044449666
2026-03-24,31.629959443527596,48.38324425231167
2026-03-25,31.776407968499306,48.399915372145394
2026-03-26,31.948126873826876,48.448153768017804
2026-03-27,32.01076710335307,48.48466816326414
2026-03-28,31.86420391373331,48.45066832368813
2026-03-29,31.863244965939113,48.562864896547296
2026-03-30,31.64581645988483,48.497752116090176
2026-03-31,31.78441656818213,48.4856697016189
2026-04-01,31.77266728782015,48.438863307019936
2026-04-02,31.802122618041288,48.522759347015096
2026-04-03,31.86015471086336,48.53552362381619
2026-04-04,31.84252174980756,48.616808858956645
2026-04-05,31.704562541395124,48.60836844840175
2026-04-06,31.99004526289989,48.54272645917261
2026-04-07,31.820741649569595,48.626758282630625
2026-04-08,31.964702353410118,48.668172769952356
2026-04-09,32.160947648829435,48.72744842739113
2026-04-10,31.87436263755123,48.71187270584827
2026-04-11,31.726034059290672,48.72199048824898
2026-04-12,31.963224104232733,48.70340310331999
2026-04-13,32.11468220477603,48.73626505191624
2026-04-14,32.21318270155367,48.79577534473621
2026-04-15,31.907154711541796,48.68311187788275
2026-04-16,32.092541308166126,48.74872942945172
2026-04-17,32.0091020550199,48.74402360643058
2026-04-18,32.05779998012293,48.81806034786054
2026-04-19,32.34559086511048,48.8770644487626
2026-04-20,31.9436212124247,48.80215527369984
2026-04-21,32.1320539262691,48.72893941771826
2026-04-22,32.16621099215162,48.84429424689634
2026-04-23,32.240782022324446,48.92702961880426
2026-04-24,32.154763420033035,48.92468807540672
2026-04-25,32.18853187349179,48.93566654070559
2026-04-26,32.13132367765463,48.91670821127717
2026-04-27,32.21016294337676,48.883206987615736
2026-04-28,32.16169273655793,48.98937388856378
2026-04-29,32.27093086794872,48.93834573003666
2026-04-30,32.184574360214185,49.105715305263246
2026-05-01,32.2720071480642,49.04148647706778
2026-05-02,32.24413254216092,49.00037934957819
2026-05-03,32.372425563462066,49.01529315039228
2026-05-04,32.26744288088143,49.05766585048687
2026-05-05,32.10804072127503,49.06678861277229
2026-05-06,32.42429783302254,49.15105604570571
2026-05-07,32.22029416772032,49.12098581347225
2026-05-08,32.25825247879714,49.091534066095456
2026-05-09,32.276824698113096,49.2390883353545
2026-05-10,32.48659635168997,49.163482365728555
2026-05-11,32.14834683583045,49.21590958100682
2026-05-12,32.68845082544975,49.16350691989197
2026-05-13,32.49304336784579,49.22852467470727
2026-05-14,32.42252329320753,49.242375040933034
2026-05-15,32.407471716588425,49.148787724826896
2026-05-16,32.45427823899126,49.360484593010575
2026-05-17,32.490596789198854,49.3407037085895
2026-05-18,32.51576781981136,49.272762367791906
2026-05-19,32.51956842267213,49.253959294632246
2026-05-20,32.48572775905274,49.34290151040105
2026-05-21,32.469797563751925,49.34630896273742
2026-05-22,32.487165792272734,49.376208173250696
2026-05-23,32.495564007458256,49.38445424368807
2026-05-24,32.64119356003567,49.4166380713995
2026-05-25,32.599933937432475,49.48014195495963
2026-05-26,32.2593011165934,49.4526324783023
2026-05-27,32.63169177256823,49.3881951911562
2026-05-28,32.598337029242565,49.525256756793155
2026-05-29,32.589754248981535,49.55560999038778
2026-05-30,32.565534994172666,49.647632746994795
2026-05-31,32.729559826335596,49.45030585666305
2026-06-01,32.72466291540471,49.535075307038376
2026-06-02,32.565384217265496,49.43527691927724
2026-06-03,32.69613892761575,49.58348996031148
2026-06-04,32.571029740304596,49.54487313564002
2026-06-05,32.54299531213527,49.684906088345436
2026-06-06,32.6310471210106,49.56645369815909
2026-06-07,32.7927199055633,49.53717594281749
2026-06-08,32.81455477771807,49.61452255573656
2026-06-09,32.78331253004562,49.55576200226666
2026-06-10,32.81727528157613,49.70854201160872
2026-06-11,32.80914524645826,49.58418353462637
2026-06-12,32.7061409730799,49.70531121405417
2026-06-13,32.82624310192502,49.61644839205804
2026-06-14,32.875853514835825,49.72077474087985
2026-06-15,32.88400341014985,49.83540918695274
2026-06-16,32.9402273291714,49.78772332179014
2026-06-17,32.904928091599466,49.74296689502593
2026-06-18,32.882004242488954,49.80103204888306
2026-06-19,32.96663616042188,49.81994371498807
2026-06-20,32.86973072552076,49.85912503673385
2026-06-21,32.79695710117833,49.783601249333465
2026-06-22,32.88159958476216,49.89802317924571
2026-06-23,32.83617773153132,49.74962588202904
2026-06-24,32.85591188336996,49.869801884046815
2026-06-25,32.92173955865128,49.89333306759826
2026-06-26,32.869711148478274,49.965863749080235
2026-06-27,32.930918702469796,49.951779598466345
2026-06-28,32.78511510359375,49.896820551195525
2026-06-29,33.00856765588186,49.934299695653316
2026-06-30,33.00012054753622,50.00993400047737
